,content
0,싱글벙글 나이대별 적정소득과 생활비
1,BNK경남은행 562억 원의  횡령사고 발생
2,속보) 실시간 창원 황산터짐
3,리얼돌의 위험성
4,미국 신용등급 하락: 문제는 부채경로다
5,"아프리카 별풍선수입 월 50억, 이병헌 협박녀 월수입 7억"
6,싱글벙글 좀비트립 참가자들 드디어 토너먼트 시작
7,잼버리 유럽 참가국... 우리 정부에 항의 서한
8,수세미+은박지 고블린 슬레이어
9,실시간 초전도체 근황.jpg
10,훌쩍훌쩍 칭구를 사귀고 싶었던 아저씨 ㅜㅜ
11,주호민 사건 정리하다가 소름돋았음.timeline
12,싱글벙글 용돈모아서 별장짓기...manhwa
13,"여배우, 손흥민 멋져! 손흥민 덕질 밝혀"
14,념요청)복싱이 ufc에 패배선언한 아주 치욕적인 사건
15,여가부 횡령의혹 또 떤냐..?!
16,싱글벙글 치어리더와 밥먹기 이벤트 
17,ㄴㅇㄴ) 고양이호텔 불만족 후기입니다ㅠ
18,여시)남친 본인이 페미니스트 지지한다는데...
19,"싱글벙글 성별, 연령별 가장 많이 검색된 갤러리"
20,주식투자를 위한 연차보고서 살펴보기.txt
21,이와중에 김민재한테 돈 뜯은 에이전트 구속 ㅋㅋㅋ
22,마왕군 사천왕 예견의 퓨쳐뷰어 17화
23,싱글벙글 포텐셜 엄청난 헐리웃 신인 여배우..gif
24,모토로라보다 플립5 외부화면이 좋은이유..jpg
25,주호민이 활동한 김구라 팬클럽 도시탈출. ALABOZA
26,납량특집) 광기로 얼룩진 정신에서 탈출하라...jpg
27,퀀텀에너지연구소 협력 기업들 “사실무근”
28,요즘 10대 무단횡단 수준 ㅋㅋㅋㅋㅋㅋ.gif
29,일본 취업 A-Z후속편
30,현재 믿거급 된 기획사...jpg
31,역시 강남 클라스 봐라 롤스로이스 끌고
32,잼버리 의료시설.jpg
33,싱글벙글 미국의 가장 황당한 비행기 납치사건
34,"Andrew Cote ""초전도체의 확률 계속해서 오르고 있다."""
35, '나라 비상금' 전수분석 치적사업에 28%
36,싱글벙글 의외로 잡아 죽이고 있는것들
37,"김은경 ""어르신들 마음 상하게 한 점 정중히 사과"""
38,우러전쟁 최신 근황 (정찰의 중요성)
39,요즘 책 제목 특징
40,싱글벙글 위수지역의 위엄
41,여시)초전도체때문에 북한과 통일되어야한다는 여성시대 반응
42,베트남 업체결혼 비용정리
43,세계 최하위에 충격! 디지털 후진국 일본의 교육대책
44,싱글벙글 현대의 조각 작품 수준...jpg
45,오늘자) 뮌헨 김민재 모음...gif
46,잼버리에 참가한 웨일즈 유튜버
47,현재 삼성사내 갤럭시 사용하는 직원 검열사태.txt
48,펌) 주호민 입장문에 대한 어느변호사의 분석
49,기적을 만들수있는 유일한 선수...jpg
50,싱글벙글 초전도체 재현 결과 정리..txt
51,"주호민 과도한 빌런 만들기 멈춰라, 을과 을의 무의미한 싸움이다"
52,순살아파트 원인 찾았다
53,싱글벙글 민주당의 예의범절......jpg
54,블랙핑크 지수 공개 연애 모드 돌입
55,싱글벙글 모닝지구촌 0803
56,네이마르x이강인 게이만드는 세력 .fact
57,블라)가스라이팅에 지쳐 30여친과 끝낼지 고민인 경찰
58,"세계 잼버리 대회.. 현재 상태는 ""재앙"""
59,싱글벙글 요즘 프라모델
60,주호민 입장문에 대한 커뮤니티 반응.jpg
61,"7.31~8.2 제주도박투어 결산! (스압, 데이터주의)"
62,싱글벙글 조선시대의 섹드립을 읽어보자
63,"신발 전문가가 얘기하는 언더아머 커리, 에어조던 3, 에어쉽"
64,[서울] 230802 역전회관 마포본점 후기 (바싹불고기)
65,스압주의) 여태까지 모은 트포 완구인데 이정도면 찐 컬렉터 인정?
66,훌쩍훌쩍 치킨
67,이 시국에 왜국 여행 -도쿄편- 1화
68,8월 게임행사 & E-스포츠 일정 + 차트
69,싱글벙글 설리번 선생님...manwha
70,100% 내 돈으로 간 북해도 효도여행 10일-1
71,싱글벙글 처갓집 다 부수는 사위.jpgif
72,단독색상 짤들(22장)
73,진정한 상남자들의 집필 도구
74,싱글벙글 10년전 가짜치즈 근황
75,"나의 첫 유럽여행기 3 - 코모, 시르미오네"
76,[잡솔]스시야의 화장실을 알아보자.
77,싱글벙글 익명게 개편 이후.... 여초 근황.jpg
78,좀비물에서 대체로 마트가 주 거점이 되는 이유.JPG
79,몰래 숨어들어간 부장님들 단톡방에서 나온 kpop 밈
80,싱글벙글 현재 ai 때문에 난리난 글쟁이들 상황.jpg
81,1인 개발 인붕이의 그래비티 캐슬 개발일지 9
82,삼성 근속 37년차 여직원의 마지막 출근 브이로그
83,싱글벙글 40대 vs 20대
84,9.11에 대해 한국에서는 잘 안 알려진 일화
85,싱글벙글 자본주의가 위대한 이유
86,사진40장) 시라하마 어드벤처월드 방문기
87,어서와 한국은 처음이지 제작진이 힘들어한다는 촬영
88,왈칵왈칵 맥아더 장군과 학도용사
89,나무위키년 30화
90,데이터) 역대 디즈니 실사화.....빌런...모음....gif
91,싱글벙글 초전도체 스캠 논란이 아직도 안 사그라드는 이유...jpg
92,대만 여행 중 지갑 찾아준 유튜버
93,[100]백번째는 우토후기로 가야제!
94,싱글벙글 키작남의 매력
95,하루종일 걷뛰하고 막걸리마심 
96,여시)돈없다길래 정떨어져서 정리+친구랑 정산하다 기분상함(보적보)
97,스압) 싱글벙글 윤서인 씨리즈
98,(장문)트짹 변절자가 들려주는 오싹오싹 트위터 세계
99,싱글벙글 나이대별 적정소득과 생활비
100,BNK경남은행 562억 원의  횡령사고 발생
101,속보) 실시간 창원 황산터짐
102,리얼돌의 위험성
103,미국 신용등급 하락: 문제는 부채경로다
104,"아프리카 별풍선수입 월 50억, 이병헌 협박녀 월수입 7억"
105,싱글벙글 좀비트립 참가자들 드디어 토너먼트 시작
106,잼버리 유럽 참가국... 우리 정부에 항의 서한
107,수세미+은박지 고블린 슬레이어
108,실시간 초전도체 근황.jpg
109,훌쩍훌쩍 칭구를 사귀고 싶었던 아저씨 ㅜㅜ
110,주호민 사건 정리하다가 소름돋았음.timeline
111,싱글벙글 용돈모아서 별장짓기...manhwa
112,"여배우, 손흥민 멋져! 손흥민 덕질 밝혀"
113,념요청)복싱이 ufc에 패배선언한 아주 치욕적인 사건
114,여가부 횡령의혹 또 떤냐..?!
115,싱글벙글 치어리더와 밥먹기 이벤트 
116,ㄴㅇㄴ) 고양이호텔 불만족 후기입니다ㅠ
117,여시)남친 본인이 페미니스트 지지한다는데...
118,"싱글벙글 성별, 연령별 가장 많이 검색된 갤러리"
119,주식투자를 위한 연차보고서 살펴보기.txt
120,이와중에 김민재한테 돈 뜯은 에이전트 구속 ㅋㅋㅋ
121,마왕군 사천왕 예견의 퓨쳐뷰어 17화
122,싱글벙글 포텐셜 엄청난 헐리웃 신인 여배우..gif
123,모토로라보다 플립5 외부화면이 좋은이유..jpg
124,주호민이 활동한 김구라 팬클럽 도시탈출. ALABOZA
125,납량특집) 광기로 얼룩진 정신에서 탈출하라...jpg
126,퀀텀에너지연구소 협력 기업들 “사실무근”
127,요즘 10대 무단횡단 수준 ㅋㅋㅋㅋㅋㅋ.gif
128,일본 취업 A-Z후속편
129,현재 믿거급 된 기획사...jpg
130,역시 강남 클라스 봐라 롤스로이스 끌고
131,잼버리 의료시설.jpg
132,싱글벙글 미국의 가장 황당한 비행기 납치사건
133,"Andrew Cote ""초전도체의 확률 계속해서 오르고 있다."""
134, '나라 비상금' 전수분석 치적사업에 28%
135,싱글벙글 의외로 잡아 죽이고 있는것들
136,"김은경 ""어르신들 마음 상하게 한 점 정중히 사과"""
137,우러전쟁 최신 근황 (정찰의 중요성)
138,요즘 책 제목 특징
139,싱글벙글 위수지역의 위엄
140,여시)초전도체때문에 북한과 통일되어야한다는 여성시대 반응
141,베트남 업체결혼 비용정리
142,세계 최하위에 충격! 디지털 후진국 일본의 교육대책
143,싱글벙글 현대의 조각 작품 수준...jpg
144,오늘자) 뮌헨 김민재 모음...gif
145,잼버리에 참가한 웨일즈 유튜버
146,현재 삼성사내 갤럭시 사용하는 직원 검열사태.txt
147,펌) 주호민 입장문에 대한 어느변호사의 분석
148,기적을 만들수있는 유일한 선수...jpg
149,싱글벙글 초전도체 재현 결과 정리..txt
150,"주호민 과도한 빌런 만들기 멈춰라, 을과 을의 무의미한 싸움이다"
151,순살아파트 원인 찾았다
152,싱글벙글 민주당의 예의범절......jpg
153,블랙핑크 지수 공개 연애 모드 돌입
154,싱글벙글 모닝지구촌 0803
155,네이마르x이강인 게이만드는 세력 .fact
156,블라)가스라이팅에 지쳐 30여친과 끝낼지 고민인 경찰
157,"세계 잼버리 대회.. 현재 상태는 ""재앙"""
158,싱글벙글 요즘 프라모델
159,주호민 입장문에 대한 커뮤니티 반응.jpg
160,"7.31~8.2 제주도박투어 결산! (스압, 데이터주의)"
161,싱글벙글 조선시대의 섹드립을 읽어보자
162,"신발 전문가가 얘기하는 언더아머 커리, 에어조던 3, 에어쉽"
163,[서울] 230802 역전회관 마포본점 후기 (바싹불고기)
164,스압주의) 여태까지 모은 트포 완구인데 이정도면 찐 컬렉터 인정?
165,훌쩍훌쩍 치킨
166,이 시국에 왜국 여행 -도쿄편- 1화
167,8월 게임행사 & E-스포츠 일정 + 차트
168,싱글벙글 설리번 선생님...manwha
169,100% 내 돈으로 간 북해도 효도여행 10일-1
170,싱글벙글 처갓집 다 부수는 사위.jpgif
171,단독색상 짤들(22장)
172,진정한 상남자들의 집필 도구
173,싱글벙글 10년전 가짜치즈 근황
174,"나의 첫 유럽여행기 3 - 코모, 시르미오네"
175,[잡솔]스시야의 화장실을 알아보자.
176,싱글벙글 익명게 개편 이후.... 여초 근황.jpg
177,좀비물에서 대체로 마트가 주 거점이 되는 이유.JPG
178,몰래 숨어들어간 부장님들 단톡방에서 나온 kpop 밈
179,싱글벙글 현재 ai 때문에 난리난 글쟁이들 상황.jpg
180,1인 개발 인붕이의 그래비티 캐슬 개발일지 9
181,삼성 근속 37년차 여직원의 마지막 출근 브이로그
182,싱글벙글 40대 vs 20대
183,9.11에 대해 한국에서는 잘 안 알려진 일화
184,싱글벙글 자본주의가 위대한 이유
185,사진40장) 시라하마 어드벤처월드 방문기
186,어서와 한국은 처음이지 제작진이 힘들어한다는 촬영
187,왈칵왈칵 맥아더 장군과 학도용사
188,나무위키년 30화
189,데이터) 역대 디즈니 실사화.....빌런...모음....gif
190,싱글벙글 초전도체 스캠 논란이 아직도 안 사그라드는 이유...jpg
191,대만 여행 중 지갑 찾아준 유튜버
192,[100]백번째는 우토후기로 가야제!
193,싱글벙글 키작남의 매력
194,하루종일 걷뛰하고 막걸리마심 
195,여시)돈없다길래 정떨어져서 정리+친구랑 정산하다 기분상함(보적보)
196,스압) 싱글벙글 윤서인 씨리즈
197,(장문)트짹 변절자가 들려주는 오싹오싹 트위터 세계
198,싱글벙글 나이대별 적정소득과 생활비
199,BNK경남은행 562억 원의  횡령사고 발생
200,속보) 실시간 창원 황산터짐
201,리얼돌의 위험성
202,미국 신용등급 하락: 문제는 부채경로다
203,"아프리카 별풍선수입 월 50억, 이병헌 협박녀 월수입 7억"
204,싱글벙글 좀비트립 참가자들 드디어 토너먼트 시작
205,잼버리 유럽 참가국... 우리 정부에 항의 서한
206,수세미+은박지 고블린 슬레이어
207,실시간 초전도체 근황.jpg
208,훌쩍훌쩍 칭구를 사귀고 싶었던 아저씨 ㅜㅜ
209,주호민 사건 정리하다가 소름돋았음.timeline
210,싱글벙글 용돈모아서 별장짓기...manhwa
211,"여배우, 손흥민 멋져! 손흥민 덕질 밝혀"
212,념요청)복싱이 ufc에 패배선언한 아주 치욕적인 사건
213,여가부 횡령의혹 또 떤냐..?!
214,싱글벙글 치어리더와 밥먹기 이벤트 
215,ㄴㅇㄴ) 고양이호텔 불만족 후기입니다ㅠ
216,여시)남친 본인이 페미니스트 지지한다는데...
217,"싱글벙글 성별, 연령별 가장 많이 검색된 갤러리"
218,주식투자를 위한 연차보고서 살펴보기.txt
219,이와중에 김민재한테 돈 뜯은 에이전트 구속 ㅋㅋㅋ
220,마왕군 사천왕 예견의 퓨쳐뷰어 17화
221,싱글벙글 포텐셜 엄청난 헐리웃 신인 여배우..gif
222,모토로라보다 플립5 외부화면이 좋은이유..jpg
223,주호민이 활동한 김구라 팬클럽 도시탈출. ALABOZA
224,납량특집) 광기로 얼룩진 정신에서 탈출하라...jpg
225,퀀텀에너지연구소 협력 기업들 “사실무근”
226,요즘 10대 무단횡단 수준 ㅋㅋㅋㅋㅋㅋ.gif
227,일본 취업 A-Z후속편
228,현재 믿거급 된 기획사...jpg
229,역시 강남 클라스 봐라 롤스로이스 끌고
230,잼버리 의료시설.jpg
231,싱글벙글 미국의 가장 황당한 비행기 납치사건
232,"Andrew Cote ""초전도체의 확률 계속해서 오르고 있다."""
233, '나라 비상금' 전수분석 치적사업에 28%
234,싱글벙글 의외로 잡아 죽이고 있는것들
235,"김은경 ""어르신들 마음 상하게 한 점 정중히 사과"""
236,우러전쟁 최신 근황 (정찰의 중요성)
237,요즘 책 제목 특징
238,싱글벙글 위수지역의 위엄
239,여시)초전도체때문에 북한과 통일되어야한다는 여성시대 반응
240,베트남 업체결혼 비용정리
241,세계 최하위에 충격! 디지털 후진국 일본의 교육대책
242,싱글벙글 현대의 조각 작품 수준...jpg
243,오늘자) 뮌헨 김민재 모음...gif
244,잼버리에 참가한 웨일즈 유튜버
245,현재 삼성사내 갤럭시 사용하는 직원 검열사태.txt
246,펌) 주호민 입장문에 대한 어느변호사의 분석
247,기적을 만들수있는 유일한 선수...jpg
248,싱글벙글 초전도체 재현 결과 정리..txt
249,"주호민 과도한 빌런 만들기 멈춰라, 을과 을의 무의미한 싸움이다"
250,순살아파트 원인 찾았다
251,싱글벙글 민주당의 예의범절......jpg
252,블랙핑크 지수 공개 연애 모드 돌입
253,싱글벙글 모닝지구촌 0803
254,네이마르x이강인 게이만드는 세력 .fact
255,블라)가스라이팅에 지쳐 30여친과 끝낼지 고민인 경찰
256,"세계 잼버리 대회.. 현재 상태는 ""재앙"""
257,싱글벙글 요즘 프라모델
258,주호민 입장문에 대한 커뮤니티 반응.jpg
259,"7.31~8.2 제주도박투어 결산! (스압, 데이터주의)"
260,싱글벙글 조선시대의 섹드립을 읽어보자
261,"신발 전문가가 얘기하는 언더아머 커리, 에어조던 3, 에어쉽"
262,[서울] 230802 역전회관 마포본점 후기 (바싹불고기)
263,스압주의) 여태까지 모은 트포 완구인데 이정도면 찐 컬렉터 인정?
264,훌쩍훌쩍 치킨
265,이 시국에 왜국 여행 -도쿄편- 1화
266,8월 게임행사 & E-스포츠 일정 + 차트
267,싱글벙글 설리번 선생님...manwha
268,100% 내 돈으로 간 북해도 효도여행 10일-1
269,싱글벙글 처갓집 다 부수는 사위.jpgif
270,단독색상 짤들(22장)
271,진정한 상남자들의 집필 도구
272,싱글벙글 10년전 가짜치즈 근황
273,"나의 첫 유럽여행기 3 - 코모, 시르미오네"
274,[잡솔]스시야의 화장실을 알아보자.
275,싱글벙글 익명게 개편 이후.... 여초 근황.jpg
276,좀비물에서 대체로 마트가 주 거점이 되는 이유.JPG
277,몰래 숨어들어간 부장님들 단톡방에서 나온 kpop 밈
278,싱글벙글 현재 ai 때문에 난리난 글쟁이들 상황.jpg
279,1인 개발 인붕이의 그래비티 캐슬 개발일지 9
280,삼성 근속 37년차 여직원의 마지막 출근 브이로그
281,싱글벙글 40대 vs 20대
282,9.11에 대해 한국에서는 잘 안 알려진 일화
283,싱글벙글 자본주의가 위대한 이유
284,사진40장) 시라하마 어드벤처월드 방문기
285,어서와 한국은 처음이지 제작진이 힘들어한다는 촬영
286,왈칵왈칵 맥아더 장군과 학도용사
287,나무위키년 30화
288,데이터) 역대 디즈니 실사화.....빌런...모음....gif
289,싱글벙글 초전도체 스캠 논란이 아직도 안 사그라드는 이유...jpg
290,대만 여행 중 지갑 찾아준 유튜버
291,[100]백번째는 우토후기로 가야제!
292,싱글벙글 키작남의 매력
293,하루종일 걷뛰하고 막걸리마심 
294,여시)돈없다길래 정떨어져서 정리+친구랑 정산하다 기분상함(보적보)
295,스압) 싱글벙글 윤서인 씨리즈
296,(장문)트짹 변절자가 들려주는 오싹오싹 트위터 세계
0, 결국 만장일치로 합의 됐네요 ㄷ JPG
1, 에코프로 역사상 고점 찍고 하락
2, 츄 탕후루 인기에 일침 ㄷㄷ..jpg
3, 현재 논란중인 강릉 편의점 사건 상황.jpg
4, 10년 뒤 진짜 헬게이트 열린다는 분야.jpg
5, 알게 모르게 가난해 지는 습관 밝힘 ㄷㄷ
6, 당근마켓 레전드 애엄마.jpg
7, 블랙핑크 지수.. 주로 집데이트 ㄷㄷ.jpg
8, 6호 태풍 이동 경로가 드뎌 만장일치를 봤네요 ㅎㅎㅎ
9, 펌) 잼버리 밤새 근황.jpg
10, 격이 달랐던 1991년 고성 잼버리..JPG
11," [신한올댓] 컬쳐랜드 모바일문화상품권 1만원권(9,200원/무료)"
12, 혐)광진구가 ㅈ된 이유.jpg
13, 설현 실내암벽 실력
14, 권은비 실물 느낌.gif
15, ORICO M.2 SSD 인클로저($6.56/무료)
16, 안보현 실물 본 여자들 반응.jpg
17, 잼버리 자원봉사자한테 오늘 아침 제공된 조식 수준 ㄷ..JPG
18, 싼타페 신형 최신사진
19, 펌) 차량 순번 바뀌어서 좋은 츠자 . Jpg
20, 결국 만장일치로 합의 됐네요 ㄷ JPG
21, 에코프로 역사상 고점 찍고 하락
22, 츄 탕후루 인기에 일침 ㄷㄷ..jpg
23, 현재 논란중인 강릉 편의점 사건 상황.jpg
24, 10년 뒤 진짜 헬게이트 열린다는 분야.jpg
25, 알게 모르게 가난해 지는 습관 밝힘 ㄷㄷ
26, 당근마켓 레전드 애엄마.jpg
27, 블랙핑크 지수.. 주로 집데이트 ㄷㄷ.jpg
28, 6호 태풍 이동 경로가 드뎌 만장일치를 봤네요 ㅎㅎㅎ
29, 펌) 잼버리 밤새 근황.jpg
30, 격이 달랐던 1991년 고성 잼버리..JPG
31," [신한올댓] 컬쳐랜드 모바일문화상품권 1만원권(9,200원/무료)"
32, 혐)광진구가 ㅈ된 이유.jpg
33, 설현 실내암벽 실력
34, 권은비 실물 느낌.gif
35, ORICO M.2 SSD 인클로저($6.56/무료)
36, 안보현 실물 본 여자들 반응.jpg
37, 잼버리 자원봉사자한테 오늘 아침 제공된 조식 수준 ㄷ..JPG
38, 싼타페 신형 최신사진
39, 펌) 차량 순번 바뀌어서 좋은 츠자 . Jpg
40, 결국 만장일치로 합의 됐네요 ㄷ JPG
41, 에코프로 역사상 고점 찍고 하락
42, 츄 탕후루 인기에 일침 ㄷㄷ..jpg
43, 현재 논란중인 강릉 편의점 사건 상황.jpg
44, 10년 뒤 진짜 헬게이트 열린다는 분야.jpg
45, 알게 모르게 가난해 지는 습관 밝힘 ㄷㄷ
46, 당근마켓 레전드 애엄마.jpg
47, 블랙핑크 지수.. 주로 집데이트 ㄷㄷ.jpg
48, 6호 태풍 이동 경로가 드뎌 만장일치를 봤네요 ㅎㅎㅎ
49, 펌) 잼버리 밤새 근황.jpg
50, 격이 달랐던 1991년 고성 잼버리..JPG
51," [신한올댓] 컬쳐랜드 모바일문화상품권 1만원권(9,200원/무료)"
52, 혐)광진구가 ㅈ된 이유.jpg
53, 설현 실내암벽 실력
54, 권은비 실물 느낌.gif
55, ORICO M.2 SSD 인클로저($6.56/무료)
56, 안보현 실물 본 여자들 반응.jpg
57, 잼버리 자원봉사자한테 오늘 아침 제공된 조식 수준 ㄷ..JPG
58, 싼타페 신형 최신사진
59, 펌) 차량 순번 바뀌어서 좋은 츠자 . Jpg
60, 결국 만장일치로 합의 됐네요 ㄷ JPG
61, 에코프로 역사상 고점 찍고 하락
62, 츄 탕후루 인기에 일침 ㄷㄷ..jpg
63, 현재 논란중인 강릉 편의점 사건 상황.jpg
64, 10년 뒤 진짜 헬게이트 열린다는 분야.jpg
65, 알게 모르게 가난해 지는 습관 밝힘 ㄷㄷ
66, 당근마켓 레전드 애엄마.jpg
67, 블랙핑크 지수.. 주로 집데이트 ㄷㄷ.jpg
68, 6호 태풍 이동 경로가 드뎌 만장일치를 봤네요 ㅎㅎㅎ
69, 펌) 잼버리 밤새 근황.jpg
70, 격이 달랐던 1991년 고성 잼버리..JPG
71," [신한올댓] 컬쳐랜드 모바일문화상품권 1만원권(9,200원/무료)"
72, 혐)광진구가 ㅈ된 이유.jpg
73, 설현 실내암벽 실력
74, 권은비 실물 느낌.gif
75, ORICO M.2 SSD 인클로저($6.56/무료)
76, 안보현 실물 본 여자들 반응.jpg
77, 잼버리 자원봉사자한테 오늘 아침 제공된 조식 수준 ㄷ..JPG
78, 싼타페 신형 최신사진
79, 펌) 차량 순번 바뀌어서 좋은 츠자 . Jpg
80, 결국 만장일치로 합의 됐네요 ㄷ JPG
81, 에코프로 역사상 고점 찍고 하락
82, 츄 탕후루 인기에 일침 ㄷㄷ..jpg
83, 현재 논란중인 강릉 편의점 사건 상황.jpg
84, 10년 뒤 진짜 헬게이트 열린다는 분야.jpg
85, 알게 모르게 가난해 지는 습관 밝힘 ㄷㄷ
86, 당근마켓 레전드 애엄마.jpg
87, 블랙핑크 지수.. 주로 집데이트 ㄷㄷ.jpg
88, 6호 태풍 이동 경로가 드뎌 만장일치를 봤네요 ㅎㅎㅎ
89, 펌) 잼버리 밤새 근황.jpg
90, 격이 달랐던 1991년 고성 잼버리..JPG
91," [신한올댓] 컬쳐랜드 모바일문화상품권 1만원권(9,200원/무료)"
92, 혐)광진구가 ㅈ된 이유.jpg
93, 설현 실내암벽 실력
94, 권은비 실물 느낌.gif
95, ORICO M.2 SSD 인클로저($6.56/무료)
96, 안보현 실물 본 여자들 반응.jpg
97, 잼버리 자원봉사자한테 오늘 아침 제공된 조식 수준 ㄷ..JPG
98, 싼타페 신형 최신사진
99, 펌) 차량 순번 바뀌어서 좋은 츠자 . Jpg
100, 결국 만장일치로 합의 됐네요 ㄷ JPG
101, 에코프로 역사상 고점 찍고 하락
102, 츄 탕후루 인기에 일침 ㄷㄷ..jpg
103, 현재 논란중인 강릉 편의점 사건 상황.jpg
104, 10년 뒤 진짜 헬게이트 열린다는 분야.jpg
105, 알게 모르게 가난해 지는 습관 밝힘 ㄷㄷ
106, 당근마켓 레전드 애엄마.jpg
107, 블랙핑크 지수.. 주로 집데이트 ㄷㄷ.jpg
108, 6호 태풍 이동 경로가 드뎌 만장일치를 봤네요 ㅎㅎㅎ
109, 펌) 잼버리 밤새 근황.jpg
110, 격이 달랐던 1991년 고성 잼버리..JPG
111," [신한올댓] 컬쳐랜드 모바일문화상품권 1만원권(9,200원/무료)"
112, 혐)광진구가 ㅈ된 이유.jpg
113, 설현 실내암벽 실력
114, 권은비 실물 느낌.gif
115, ORICO M.2 SSD 인클로저($6.56/무료)
116, 안보현 실물 본 여자들 반응.jpg
117, 잼버리 자원봉사자한테 오늘 아침 제공된 조식 수준 ㄷ..JPG
118, 싼타페 신형 최신사진
119, 펌) 차량 순번 바뀌어서 좋은 츠자 . Jpg
120, 결국 만장일치로 합의 됐네요 ㄷ JPG
121, 에코프로 역사상 고점 찍고 하락
122, 츄 탕후루 인기에 일침 ㄷㄷ..jpg
123, 현재 논란중인 강릉 편의점 사건 상황.jpg
124, 10년 뒤 진짜 헬게이트 열린다는 분야.jpg
125, 알게 모르게 가난해 지는 습관 밝힘 ㄷㄷ
126, 당근마켓 레전드 애엄마.jpg
127, 블랙핑크 지수.. 주로 집데이트 ㄷㄷ.jpg
128, 6호 태풍 이동 경로가 드뎌 만장일치를 봤네요 ㅎㅎㅎ
129, 펌) 잼버리 밤새 근황.jpg
130, 격이 달랐던 1991년 고성 잼버리..JPG
131," [신한올댓] 컬쳐랜드 모바일문화상품권 1만원권(9,200원/무료)"
132, 혐)광진구가 ㅈ된 이유.jpg
133, 설현 실내암벽 실력
134, 권은비 실물 느낌.gif
135, ORICO M.2 SSD 인클로저($6.56/무료)
136, 안보현 실물 본 여자들 반응.jpg
137, 잼버리 자원봉사자한테 오늘 아침 제공된 조식 수준 ㄷ..JPG
138, 싼타페 신형 최신사진
139, 펌) 차량 순번 바뀌어서 좋은 츠자 . Jpg
140, 결국 만장일치로 합의 됐네요 ㄷ JPG
141, 에코프로 역사상 고점 찍고 하락
142, 츄 탕후루 인기에 일침 ㄷㄷ..jpg
143, 현재 논란중인 강릉 편의점 사건 상황.jpg
144, 10년 뒤 진짜 헬게이트 열린다는 분야.jpg
145, 알게 모르게 가난해 지는 습관 밝힘 ㄷㄷ
146, 당근마켓 레전드 애엄마.jpg
147, 블랙핑크 지수.. 주로 집데이트 ㄷㄷ.jpg
148, 6호 태풍 이동 경로가 드뎌 만장일치를 봤네요 ㅎㅎㅎ
149, 펌) 잼버리 밤새 근황.jpg
150, 격이 달랐던 1991년 고성 잼버리..JPG
151," [신한올댓] 컬쳐랜드 모바일문화상품권 1만원권(9,200원/무료)"
152, 혐)광진구가 ㅈ된 이유.jpg
153, 설현 실내암벽 실력
154, 권은비 실물 느낌.gif
155, ORICO M.2 SSD 인클로저($6.56/무료)
156, 안보현 실물 본 여자들 반응.jpg
157, 잼버리 자원봉사자한테 오늘 아침 제공된 조식 수준 ㄷ..JPG
158, 싼타페 신형 최신사진
159, 펌) 차량 순번 바뀌어서 좋은 츠자 . Jpg
160, 결국 만장일치로 합의 됐네요 ㄷ JPG
161, 에코프로 역사상 고점 찍고 하락
162, 츄 탕후루 인기에 일침 ㄷㄷ..jpg
163, 현재 논란중인 강릉 편의점 사건 상황.jpg
164, 10년 뒤 진짜 헬게이트 열린다는 분야.jpg
165, 알게 모르게 가난해 지는 습관 밝힘 ㄷㄷ
166, 당근마켓 레전드 애엄마.jpg
167, 블랙핑크 지수.. 주로 집데이트 ㄷㄷ.jpg
168, 6호 태풍 이동 경로가 드뎌 만장일치를 봤네요 ㅎㅎㅎ
169, 펌) 잼버리 밤새 근황.jpg
170, 격이 달랐던 1991년 고성 잼버리..JPG
171," [신한올댓] 컬쳐랜드 모바일문화상품권 1만원권(9,200원/무료)"
172, 혐)광진구가 ㅈ된 이유.jpg
173, 설현 실내암벽 실력
174, 권은비 실물 느낌.gif
175, ORICO M.2 SSD 인클로저($6.56/무료)
176, 안보현 실물 본 여자들 반응.jpg
177, 잼버리 자원봉사자한테 오늘 아침 제공된 조식 수준 ㄷ..JPG
178, 싼타페 신형 최신사진
179, 펌) 차량 순번 바뀌어서 좋은 츠자 . Jpg
180, 결국 만장일치로 합의 됐네요 ㄷ JPG
181, 에코프로 역사상 고점 찍고 하락
182, 츄 탕후루 인기에 일침 ㄷㄷ..jpg
183, 현재 논란중인 강릉 편의점 사건 상황.jpg
184, 10년 뒤 진짜 헬게이트 열린다는 분야.jpg
185, 알게 모르게 가난해 지는 습관 밝힘 ㄷㄷ
186, 당근마켓 레전드 애엄마.jpg
187, 블랙핑크 지수.. 주로 집데이트 ㄷㄷ.jpg
188, 6호 태풍 이동 경로가 드뎌 만장일치를 봤네요 ㅎㅎㅎ
189, 펌) 잼버리 밤새 근황.jpg
190, 격이 달랐던 1991년 고성 잼버리..JPG
191," [신한올댓] 컬쳐랜드 모바일문화상품권 1만원권(9,200원/무료)"
192, 혐)광진구가 ㅈ된 이유.jpg
193, 설현 실내암벽 실력
194, 권은비 실물 느낌.gif
195, ORICO M.2 SSD 인클로저($6.56/무료)
196, 안보현 실물 본 여자들 반응.jpg
197, 잼버리 자원봉사자한테 오늘 아침 제공된 조식 수준 ㄷ..JPG
198, 싼타페 신형 최신사진
199, 펌) 차량 순번 바뀌어서 좋은 츠자 . Jpg
200, 결국 만장일치로 합의 됐네요 ㄷ JPG
201, 에코프로 역사상 고점 찍고 하락
202, 츄 탕후루 인기에 일침 ㄷㄷ..jpg
203, 현재 논란중인 강릉 편의점 사건 상황.jpg
204, 10년 뒤 진짜 헬게이트 열린다는 분야.jpg
205, 알게 모르게 가난해 지는 습관 밝힘 ㄷㄷ
206, 당근마켓 레전드 애엄마.jpg
207, 블랙핑크 지수.. 주로 집데이트 ㄷㄷ.jpg
208, 6호 태풍 이동 경로가 드뎌 만장일치를 봤네요 ㅎㅎㅎ
209, 펌) 잼버리 밤새 근황.jpg
210, 격이 달랐던 1991년 고성 잼버리..JPG
211," [신한올댓] 컬쳐랜드 모바일문화상품권 1만원권(9,200원/무료)"
212, 혐)광진구가 ㅈ된 이유.jpg
213, 설현 실내암벽 실력
214, 권은비 실물 느낌.gif
215, ORICO M.2 SSD 인클로저($6.56/무료)
216, 안보현 실물 본 여자들 반응.jpg
217, 잼버리 자원봉사자한테 오늘 아침 제공된 조식 수준 ㄷ..JPG
218, 싼타페 신형 최신사진
219, 펌) 차량 순번 바뀌어서 좋은 츠자 . Jpg
220, 결국 만장일치로 합의 됐네요 ㄷ JPG
221, 에코프로 역사상 고점 찍고 하락
222, 츄 탕후루 인기에 일침 ㄷㄷ..jpg
223, 현재 논란중인 강릉 편의점 사건 상황.jpg
224, 10년 뒤 진짜 헬게이트 열린다는 분야.jpg
225, 알게 모르게 가난해 지는 습관 밝힘 ㄷㄷ
226, 당근마켓 레전드 애엄마.jpg
227, 블랙핑크 지수.. 주로 집데이트 ㄷㄷ.jpg
228, 6호 태풍 이동 경로가 드뎌 만장일치를 봤네요 ㅎㅎㅎ
229, 펌) 잼버리 밤새 근황.jpg
230, 격이 달랐던 1991년 고성 잼버리..JPG
231," [신한올댓] 컬쳐랜드 모바일문화상품권 1만원권(9,200원/무료)"
232, 혐)광진구가 ㅈ된 이유.jpg
233, 설현 실내암벽 실력
234, 권은비 실물 느낌.gif
235, ORICO M.2 SSD 인클로저($6.56/무료)
236, 안보현 실물 본 여자들 반응.jpg
237, 잼버리 자원봉사자한테 오늘 아침 제공된 조식 수준 ㄷ..JPG
238, 싼타페 신형 최신사진
239, 펌) 차량 순번 바뀌어서 좋은 츠자 . Jpg
240, 결국 만장일치로 합의 됐네요 ㄷ JPG
241, 에코프로 역사상 고점 찍고 하락
242, 츄 탕후루 인기에 일침 ㄷㄷ..jpg
243, 현재 논란중인 강릉 편의점 사건 상황.jpg
244, 10년 뒤 진짜 헬게이트 열린다는 분야.jpg
245, 알게 모르게 가난해 지는 습관 밝힘 ㄷㄷ
246, 당근마켓 레전드 애엄마.jpg
247, 블랙핑크 지수.. 주로 집데이트 ㄷㄷ.jpg
248, 6호 태풍 이동 경로가 드뎌 만장일치를 봤네요 ㅎㅎㅎ
249, 펌) 잼버리 밤새 근황.jpg
250, 격이 달랐던 1991년 고성 잼버리..JPG
251," [신한올댓] 컬쳐랜드 모바일문화상품권 1만원권(9,200원/무료)"
252, 혐)광진구가 ㅈ된 이유.jpg
253, 설현 실내암벽 실력
254, 권은비 실물 느낌.gif
255, ORICO M.2 SSD 인클로저($6.56/무료)
256, 안보현 실물 본 여자들 반응.jpg
257, 잼버리 자원봉사자한테 오늘 아침 제공된 조식 수준 ㄷ..JPG
258, 싼타페 신형 최신사진
259, 펌) 차량 순번 바뀌어서 좋은 츠자 . Jpg
260, 결국 만장일치로 합의 됐네요 ㄷ JPG
261, 에코프로 역사상 고점 찍고 하락
262, 츄 탕후루 인기에 일침 ㄷㄷ..jpg
263, 현재 논란중인 강릉 편의점 사건 상황.jpg
264, 10년 뒤 진짜 헬게이트 열린다는 분야.jpg
265, 알게 모르게 가난해 지는 습관 밝힘 ㄷㄷ
266, 당근마켓 레전드 애엄마.jpg
267, 블랙핑크 지수.. 주로 집데이트 ㄷㄷ.jpg
268, 6호 태풍 이동 경로가 드뎌 만장일치를 봤네요 ㅎㅎㅎ
269, 펌) 잼버리 밤새 근황.jpg
270, 격이 달랐던 1991년 고성 잼버리..JPG
271," [신한올댓] 컬쳐랜드 모바일문화상품권 1만원권(9,200원/무료)"
272, 혐)광진구가 ㅈ된 이유.jpg
273, 설현 실내암벽 실력
274, 권은비 실물 느낌.gif
275, ORICO M.2 SSD 인클로저($6.56/무료)
276, 안보현 실물 본 여자들 반응.jpg
277, 잼버리 자원봉사자한테 오늘 아침 제공된 조식 수준 ㄷ..JPG
278, 싼타페 신형 최신사진
279, 펌) 차량 순번 바뀌어서 좋은 츠자 . Jpg
280, 결국 만장일치로 합의 됐네요 ㄷ JPG
281, 에코프로 역사상 고점 찍고 하락
282, 츄 탕후루 인기에 일침 ㄷㄷ..jpg
283, 현재 논란중인 강릉 편의점 사건 상황.jpg
284, 10년 뒤 진짜 헬게이트 열린다는 분야.jpg
285, 알게 모르게 가난해 지는 습관 밝힘 ㄷㄷ
286, 당근마켓 레전드 애엄마.jpg
287, 블랙핑크 지수.. 주로 집데이트 ㄷㄷ.jpg
288, 6호 태풍 이동 경로가 드뎌 만장일치를 봤네요 ㅎㅎㅎ
289, 펌) 잼버리 밤새 근황.jpg
290, 격이 달랐던 1991년 고성 잼버리..JPG
291," [신한올댓] 컬쳐랜드 모바일문화상품권 1만원권(9,200원/무료)"
292, 혐)광진구가 ㅈ된 이유.jpg
293, 설현 실내암벽 실력
294, 권은비 실물 느낌.gif
295, ORICO M.2 SSD 인클로저($6.56/무료)
296, 안보현 실물 본 여자들 반응.jpg
297, 잼버리 자원봉사자한테 오늘 아침 제공된 조식 수준 ㄷ..JPG
298, 싼타페 신형 최신사진
299, 펌) 차량 순번 바뀌어서 좋은 츠자 . Jpg
300, 결국 만장일치로 합의 됐네요 ㄷ JPG
301, 에코프로 역사상 고점 찍고 하락
302, 츄 탕후루 인기에 일침 ㄷㄷ..jpg
303, 현재 논란중인 강릉 편의점 사건 상황.jpg
304, 10년 뒤 진짜 헬게이트 열린다는 분야.jpg
305, 알게 모르게 가난해 지는 습관 밝힘 ㄷㄷ
306, 당근마켓 레전드 애엄마.jpg
307, 블랙핑크 지수.. 주로 집데이트 ㄷㄷ.jpg
308, 6호 태풍 이동 경로가 드뎌 만장일치를 봤네요 ㅎㅎㅎ
309, 펌) 잼버리 밤새 근황.jpg
310, 격이 달랐던 1991년 고성 잼버리..JPG
311," [신한올댓] 컬쳐랜드 모바일문화상품권 1만원권(9,200원/무료)"
312, 혐)광진구가 ㅈ된 이유.jpg
313, 설현 실내암벽 실력
314, 권은비 실물 느낌.gif
315, ORICO M.2 SSD 인클로저($6.56/무료)
316, 안보현 실물 본 여자들 반응.jpg
317, 잼버리 자원봉사자한테 오늘 아침 제공된 조식 수준 ㄷ..JPG
318, 싼타페 신형 최신사진
319, 펌) 차량 순번 바뀌어서 좋은 츠자 . Jpg
320, 결국 만장일치로 합의 됐네요 ㄷ JPG
321, 에코프로 역사상 고점 찍고 하락
322, 츄 탕후루 인기에 일침 ㄷㄷ..jpg
323, 현재 논란중인 강릉 편의점 사건 상황.jpg
324, 10년 뒤 진짜 헬게이트 열린다는 분야.jpg
325, 알게 모르게 가난해 지는 습관 밝힘 ㄷㄷ
326, 당근마켓 레전드 애엄마.jpg
327, 블랙핑크 지수.. 주로 집데이트 ㄷㄷ.jpg
328, 6호 태풍 이동 경로가 드뎌 만장일치를 봤네요 ㅎㅎㅎ
329, 펌) 잼버리 밤새 근황.jpg
330, 격이 달랐던 1991년 고성 잼버리..JPG
331," [신한올댓] 컬쳐랜드 모바일문화상품권 1만원권(9,200원/무료)"
332, 혐)광진구가 ㅈ된 이유.jpg
333, 설현 실내암벽 실력
334, 권은비 실물 느낌.gif
335, ORICO M.2 SSD 인클로저($6.56/무료)
336, 안보현 실물 본 여자들 반응.jpg
337, 잼버리 자원봉사자한테 오늘 아침 제공된 조식 수준 ㄷ..JPG
338, 싼타페 신형 최신사진
339, 펌) 차량 순번 바뀌어서 좋은 츠자 . Jpg
340, 결국 만장일치로 합의 됐네요 ㄷ JPG
341, 에코프로 역사상 고점 찍고 하락
342, 츄 탕후루 인기에 일침 ㄷㄷ..jpg
343, 현재 논란중인 강릉 편의점 사건 상황.jpg
344, 10년 뒤 진짜 헬게이트 열린다는 분야.jpg
345, 알게 모르게 가난해 지는 습관 밝힘 ㄷㄷ
346, 당근마켓 레전드 애엄마.jpg
347, 블랙핑크 지수.. 주로 집데이트 ㄷㄷ.jpg
348, 6호 태풍 이동 경로가 드뎌 만장일치를 봤네요 ㅎㅎㅎ
349, 펌) 잼버리 밤새 근황.jpg
350, 격이 달랐던 1991년 고성 잼버리..JPG
351," [신한올댓] 컬쳐랜드 모바일문화상품권 1만원권(9,200원/무료)"
352, 혐)광진구가 ㅈ된 이유.jpg
353, 설현 실내암벽 실력
354, 권은비 실물 느낌.gif
355, ORICO M.2 SSD 인클로저($6.56/무료)
356, 안보현 실물 본 여자들 반응.jpg
357, 잼버리 자원봉사자한테 오늘 아침 제공된 조식 수준 ㄷ..JPG
358, 싼타페 신형 최신사진
359, 펌) 차량 순번 바뀌어서 좋은 츠자 . Jpg
360, 결국 만장일치로 합의 됐네요 ㄷ JPG
361, 에코프로 역사상 고점 찍고 하락
362, 츄 탕후루 인기에 일침 ㄷㄷ..jpg
363, 현재 논란중인 강릉 편의점 사건 상황.jpg
364, 10년 뒤 진짜 헬게이트 열린다는 분야.jpg
365, 알게 모르게 가난해 지는 습관 밝힘 ㄷㄷ
366, 당근마켓 레전드 애엄마.jpg
367, 블랙핑크 지수.. 주로 집데이트 ㄷㄷ.jpg
368, 6호 태풍 이동 경로가 드뎌 만장일치를 봤네요 ㅎㅎㅎ
369, 펌) 잼버리 밤새 근황.jpg
370, 격이 달랐던 1991년 고성 잼버리..JPG
371," [신한올댓] 컬쳐랜드 모바일문화상품권 1만원권(9,200원/무료)"
372, 혐)광진구가 ㅈ된 이유.jpg
373, 설현 실내암벽 실력
374, 권은비 실물 느낌.gif
375, ORICO M.2 SSD 인클로저($6.56/무료)
376, 안보현 실물 본 여자들 반응.jpg
377, 잼버리 자원봉사자한테 오늘 아침 제공된 조식 수준 ㄷ..JPG
378, 싼타페 신형 최신사진
379, 펌) 차량 순번 바뀌어서 좋은 츠자 . Jpg
380, 결국 만장일치로 합의 됐네요 ㄷ JPG
381, 에코프로 역사상 고점 찍고 하락
382, 츄 탕후루 인기에 일침 ㄷㄷ..jpg
383, 현재 논란중인 강릉 편의점 사건 상황.jpg
384, 10년 뒤 진짜 헬게이트 열린다는 분야.jpg
385, 알게 모르게 가난해 지는 습관 밝힘 ㄷㄷ
386, 당근마켓 레전드 애엄마.jpg
387, 블랙핑크 지수.. 주로 집데이트 ㄷㄷ.jpg
388, 6호 태풍 이동 경로가 드뎌 만장일치를 봤네요 ㅎㅎㅎ
389, 펌) 잼버리 밤새 근황.jpg
390, 격이 달랐던 1991년 고성 잼버리..JPG
391," [신한올댓] 컬쳐랜드 모바일문화상품권 1만원권(9,200원/무료)"
392, 혐)광진구가 ㅈ된 이유.jpg
393, 설현 실내암벽 실력
394, 권은비 실물 느낌.gif
395, ORICO M.2 SSD 인클로저($6.56/무료)
396, 안보현 실물 본 여자들 반응.jpg
397, 잼버리 자원봉사자한테 오늘 아침 제공된 조식 수준 ㄷ..JPG
398, 싼타페 신형 최신사진
399, 펌) 차량 순번 바뀌어서 좋은 츠자 . Jpg
400, 결국 만장일치로 합의 됐네요 ㄷ JPG
401, 에코프로 역사상 고점 찍고 하락
402, 츄 탕후루 인기에 일침 ㄷㄷ..jpg
403, 현재 논란중인 강릉 편의점 사건 상황.jpg
404, 10년 뒤 진짜 헬게이트 열린다는 분야.jpg
405, 알게 모르게 가난해 지는 습관 밝힘 ㄷㄷ
406, 당근마켓 레전드 애엄마.jpg
407, 블랙핑크 지수.. 주로 집데이트 ㄷㄷ.jpg
408, 6호 태풍 이동 경로가 드뎌 만장일치를 봤네요 ㅎㅎㅎ
409, 펌) 잼버리 밤새 근황.jpg
410, 격이 달랐던 1991년 고성 잼버리..JPG
411," [신한올댓] 컬쳐랜드 모바일문화상품권 1만원권(9,200원/무료)"
412, 혐)광진구가 ㅈ된 이유.jpg
413, 설현 실내암벽 실력
414, 권은비 실물 느낌.gif
415, ORICO M.2 SSD 인클로저($6.56/무료)
416, 안보현 실물 본 여자들 반응.jpg
417, 잼버리 자원봉사자한테 오늘 아침 제공된 조식 수준 ㄷ..JPG
418, 싼타페 신형 최신사진
419, 펌) 차량 순번 바뀌어서 좋은 츠자 . Jpg
420, 결국 만장일치로 합의 됐네요 ㄷ JPG
421, 에코프로 역사상 고점 찍고 하락
422, 츄 탕후루 인기에 일침 ㄷㄷ..jpg
423, 현재 논란중인 강릉 편의점 사건 상황.jpg
424, 10년 뒤 진짜 헬게이트 열린다는 분야.jpg
425, 알게 모르게 가난해 지는 습관 밝힘 ㄷㄷ
426, 당근마켓 레전드 애엄마.jpg
427, 블랙핑크 지수.. 주로 집데이트 ㄷㄷ.jpg
428, 6호 태풍 이동 경로가 드뎌 만장일치를 봤네요 ㅎㅎㅎ
429, 펌) 잼버리 밤새 근황.jpg
430, 격이 달랐던 1991년 고성 잼버리..JPG
431," [신한올댓] 컬쳐랜드 모바일문화상품권 1만원권(9,200원/무료)"
432, 혐)광진구가 ㅈ된 이유.jpg
433, 설현 실내암벽 실력
434, 권은비 실물 느낌.gif
435, ORICO M.2 SSD 인클로저($6.56/무료)
436, 안보현 실물 본 여자들 반응.jpg
437, 잼버리 자원봉사자한테 오늘 아침 제공된 조식 수준 ㄷ..JPG
438, 싼타페 신형 최신사진
439, 펌) 차량 순번 바뀌어서 좋은 츠자 . Jpg
440, 결국 만장일치로 합의 됐네요 ㄷ JPG
441, 에코프로 역사상 고점 찍고 하락
442, 츄 탕후루 인기에 일침 ㄷㄷ..jpg
443, 현재 논란중인 강릉 편의점 사건 상황.jpg
444, 10년 뒤 진짜 헬게이트 열린다는 분야.jpg
445, 알게 모르게 가난해 지는 습관 밝힘 ㄷㄷ
446, 당근마켓 레전드 애엄마.jpg
447, 블랙핑크 지수.. 주로 집데이트 ㄷㄷ.jpg
448, 6호 태풍 이동 경로가 드뎌 만장일치를 봤네요 ㅎㅎㅎ
449, 펌) 잼버리 밤새 근황.jpg
450, 격이 달랐던 1991년 고성 잼버리..JPG
451," [신한올댓] 컬쳐랜드 모바일문화상품권 1만원권(9,200원/무료)"
452, 혐)광진구가 ㅈ된 이유.jpg
453, 설현 실내암벽 실력
454, 권은비 실물 느낌.gif
455, ORICO M.2 SSD 인클로저($6.56/무료)
456, 안보현 실물 본 여자들 반응.jpg
457, 잼버리 자원봉사자한테 오늘 아침 제공된 조식 수준 ㄷ..JPG
458, 싼타페 신형 최신사진
459, 펌) 차량 순번 바뀌어서 좋은 츠자 . Jpg
460, 결국 만장일치로 합의 됐네요 ㄷ JPG
461, 에코프로 역사상 고점 찍고 하락
462, 츄 탕후루 인기에 일침 ㄷㄷ..jpg
463, 현재 논란중인 강릉 편의점 사건 상황.jpg
464, 10년 뒤 진짜 헬게이트 열린다는 분야.jpg
465, 알게 모르게 가난해 지는 습관 밝힘 ㄷㄷ
466, 당근마켓 레전드 애엄마.jpg
467, 블랙핑크 지수.. 주로 집데이트 ㄷㄷ.jpg
468, 6호 태풍 이동 경로가 드뎌 만장일치를 봤네요 ㅎㅎㅎ
469, 펌) 잼버리 밤새 근황.jpg
470, 격이 달랐던 1991년 고성 잼버리..JPG
471," [신한올댓] 컬쳐랜드 모바일문화상품권 1만원권(9,200원/무료)"
472, 혐)광진구가 ㅈ된 이유.jpg
473, 설현 실내암벽 실력
474, 권은비 실물 느낌.gif
475, ORICO M.2 SSD 인클로저($6.56/무료)
476, 안보현 실물 본 여자들 반응.jpg
477, 잼버리 자원봉사자한테 오늘 아침 제공된 조식 수준 ㄷ..JPG
478, 싼타페 신형 최신사진
479, 펌) 차량 순번 바뀌어서 좋은 츠자 . Jpg
480, 결국 만장일치로 합의 됐네요 ㄷ JPG
481, 에코프로 역사상 고점 찍고 하락
482, 츄 탕후루 인기에 일침 ㄷㄷ..jpg
483, 현재 논란중인 강릉 편의점 사건 상황.jpg
484, 10년 뒤 진짜 헬게이트 열린다는 분야.jpg
485, 알게 모르게 가난해 지는 습관 밝힘 ㄷㄷ
486, 당근마켓 레전드 애엄마.jpg
487, 블랙핑크 지수.. 주로 집데이트 ㄷㄷ.jpg
488, 6호 태풍 이동 경로가 드뎌 만장일치를 봤네요 ㅎㅎㅎ
489, 펌) 잼버리 밤새 근황.jpg
490, 격이 달랐던 1991년 고성 잼버리..JPG
491," [신한올댓] 컬쳐랜드 모바일문화상품권 1만원권(9,200원/무료)"
492, 혐)광진구가 ㅈ된 이유.jpg
493, 설현 실내암벽 실력
494, 권은비 실물 느낌.gif
495, ORICO M.2 SSD 인클로저($6.56/무료)
496, 안보현 실물 본 여자들 반응.jpg
497, 잼버리 자원봉사자한테 오늘 아침 제공된 조식 수준 ㄷ..JPG
498, 싼타페 신형 최신사진
499, 펌) 차량 순번 바뀌어서 좋은 츠자 . Jpg
500, 결국 만장일치로 합의 됐네요 ㄷ JPG
501, 에코프로 역사상 고점 찍고 하락
502, 츄 탕후루 인기에 일침 ㄷㄷ..jpg
503, 현재 논란중인 강릉 편의점 사건 상황.jpg
504, 10년 뒤 진짜 헬게이트 열린다는 분야.jpg
505, 알게 모르게 가난해 지는 습관 밝힘 ㄷㄷ
506, 당근마켓 레전드 애엄마.jpg
507, 블랙핑크 지수.. 주로 집데이트 ㄷㄷ.jpg
508, 6호 태풍 이동 경로가 드뎌 만장일치를 봤네요 ㅎㅎㅎ
509, 펌) 잼버리 밤새 근황.jpg
510, 격이 달랐던 1991년 고성 잼버리..JPG
511," [신한올댓] 컬쳐랜드 모바일문화상품권 1만원권(9,200원/무료)"
512, 혐)광진구가 ㅈ된 이유.jpg
513, 설현 실내암벽 실력
514, 권은비 실물 느낌.gif
515, ORICO M.2 SSD 인클로저($6.56/무료)
516, 안보현 실물 본 여자들 반응.jpg
517, 잼버리 자원봉사자한테 오늘 아침 제공된 조식 수준 ㄷ..JPG
518, 싼타페 신형 최신사진
519, 펌) 차량 순번 바뀌어서 좋은 츠자 . Jpg
520, 결국 만장일치로 합의 됐네요 ㄷ JPG
521, 에코프로 역사상 고점 찍고 하락
522, 츄 탕후루 인기에 일침 ㄷㄷ..jpg
523, 현재 논란중인 강릉 편의점 사건 상황.jpg
524, 10년 뒤 진짜 헬게이트 열린다는 분야.jpg
525, 알게 모르게 가난해 지는 습관 밝힘 ㄷㄷ
526, 당근마켓 레전드 애엄마.jpg
527, 블랙핑크 지수.. 주로 집데이트 ㄷㄷ.jpg
528, 6호 태풍 이동 경로가 드뎌 만장일치를 봤네요 ㅎㅎㅎ
529, 펌) 잼버리 밤새 근황.jpg
530, 격이 달랐던 1991년 고성 잼버리..JPG
531," [신한올댓] 컬쳐랜드 모바일문화상품권 1만원권(9,200원/무료)"
532, 혐)광진구가 ㅈ된 이유.jpg
533, 설현 실내암벽 실력
534, 권은비 실물 느낌.gif
535, ORICO M.2 SSD 인클로저($6.56/무료)
536, 안보현 실물 본 여자들 반응.jpg
537, 잼버리 자원봉사자한테 오늘 아침 제공된 조식 수준 ㄷ..JPG
538, 싼타페 신형 최신사진
539, 펌) 차량 순번 바뀌어서 좋은 츠자 . Jpg
0,다음 주 유퀴즈 나오는 여자 복싱 챔피언 소아과의사 서려경 .mp4
1,"[롯데온] 청정우 차돌박이 샤브용 250g x 4팩 총 1kg (16,150원) (무료)"
2,잼버리 참가자들이 생각했을 한국과 실제의 한국
3,속보)네이마르 스토리에 이강인 입갤 ㅋㅋ
4,알바해서 번돈으로 한국 잼버리 참가하러 왔다는 프랑스 여중생 ㄷㄷ..JPG
5,9900FC 금카팩 2조짜리 떳따!!!!!!!!ㅅㅅㅅㅅㅅㅅㅅㅅㅅㅅㅅㅅㅅㅅㅅ
6,"""하루 이틀 지원으론 안돼""…잼버리 조직위, 전북의협 지원 거부"
7,서로 엄청 친해진 이강인 - 네이마르 ㅋㅋ
8,누구보다 아이스크림에 진심이였던 군대
9,애초에 잼버리 제대로 할 생각이 없었나본데?
10,전지현 맨시티 유튜브 출현(영상)
11,"16살 중3도 조폭문신, 인스타 유명조폭이 전화로 스카우트”"
12,유튜버 학벌 글을 본 고졸 유튜버의 반응.avi
13,홀란드한테 싸인받고 좋아죽는 전지현.MP4
14,싱글벙글 주호민 아내 웹툰
15,여자들이 원하는 남자키 마지노선
16,주호민 : 수사기관에 신고해서 해결하는 것은 피하고 싶었습니다
17,오피셜 ) 지드래곤 피스마이너스원 x PSG 공식 콜라보 유니폼
18,보배에서 도움 받고 글삭튀 엔딩한 점주 근황 + 추가
19,유튜버 학벌에 따른 경향 차이
20,[실시간] 잼버리 08.03 (14:00) 물 배관 터짐
21,기묘한 턱을 지닌 원시 돌고래
22,주호민 입장문 수정 사항
23,리오넬 메시 세레머니 근황.JPG
24,"[단독] 英, 새만금에 외교관 긴급 파견… 안전 우려 전달"
25,다음주 유퀴즈 배우 이병헌 ㄷㄷㄷㄷㄷ...mp4
26,생리로 입맛이 재기했다는 스트리머.MP4
27,"주호민 ""입장문"" 보고 난 소감"
28,해외 나갈 때마다 국적이 달라지는 전소미
29,[단독]철근 빼먹은 '전관' 업체...3년 전엔 '국토부 장관상'
30,"[단독] 영국, 새만금에 외교관 긴급 파견… 안전 우려 전달.gisa"
31,????????????
32,[캐논] 상호 계약 해지에 관한 논의 중인 아스날과 니콜라 페페
33,백승호 - 루이스 엔리케  만남 ㄷㄷㄷㄷ.mp4
34,김천상무 왜캐 싫어함
35,잼버리에 국방부 소환ㅋㅋㅋㅋㅋ
36,발굴 20여년만에 미스테리가 해결된 영국 무덤
37,한국 도깨비가 뿔 달렸다는 거는 포도임.
38,콩물이 빵집가는 manhwa
39,요즘 여자옷 특징 ㅋㅋㅋㅋ...JPG
40,[첼시vs도르트문트]첼시 유스의 메이슨 버스토 극적 동점골 ㄷㄷㄷㄷㄷ.mp4ㄷ
41,리그 꼴찌팀으로 이적한 메시 충격적 근황.gif
42,초전도체 코스프레 해봤다.
43,초전도체 가장 현실적인 시나리오. Blind
44,서로 호감도가 높은 덱스와 권은비
45,[속보] 잼버리 자원봉사자도 탈영중 ㅋㅋㅋ
46,네이마르 공식계정에 태극기
47,잼버리 )  취재가 막힌 기자의 선택
48,"잼버리 조직위, 온열 환자는 k팝 때문"
49,"정해인 안보현-지수, 열애 사실 몰랐다…건강하고 아름다운 사랑 하길"
50,다시는 J팝 무시하지마라 개쩌니깐
51,"""같이 사진도 찍었다"" 마르퀴뇨스는 브라질 스타…구스타보 '웃음꽃 활짝'"
52,국민 기본 복지 개념을 처음으로 도입한 독일 제국
53,소리o) 이경규 유튜브 구독자 계산ㅋㅋ
54,중국 자금성 침수에 현지 관광객 반응ㅋㅋ
55,테러리스트와 협상 안한다고 했다가 징계받은 미국인
56,"주호민 아들 학교 ""신고 권유한 적 없어""...2차 입장문 논란"
57,"[홈플러스] USDA 프라임 척아이롤(미국산 목심+등심) 100G/소고기 (100G당1,750) (4만이상무료or픽업)"
58,안보현이 1등 신랑감인 이유.jpg
59,"[지마켓] 빈츠 204g  4곽 (11,130원) (스마일배송무료)"
60,[현장인증] 잼버리가 욕먹더라도 욕할수 없는 기관들
61,주호민 학교 입장 공개
62,"[Record] PSG, 곤살루 하무스 영입 던딜"
63,빤스런 중이라는 우크라이나군 근황
64,"[단독] ‘생존 게임’ 된 잼버리, 유럽 참가국 우리 정부에 항의 서한…gisa"
65,군대 40대 여중사가 그만.....
66,오늘 아침 수원더비 얘매 현황
67,잼버리 참가한 한국인이 알려주는 근황...JPG
68,없어져야될 혐한제조부.jpg
69,인생은 대충 살아도 살아진다는 새
70,일본 뮌헨팬의 민재 반응
71,"잼버리 조직위, 개영식 온열환자 속출에 ""K팝 행사로 에너지 분출해서"""
72,미쳐 날뛰는 유세윤 2탄
73,"잼버리 학부모 ""다 보이는 샤워장, 남녀 공용 더러운 화장실…귀한 자식들인데"""
74,내 친구가 내 짝사랑녀 따먹었어 ...
75,쓰러진 산새를 발견한 어머니.manhwa
76,어제자 J리그 우라와 폭력사태
77,이와중에 lk-99 초전도체 관련 김현탁 교수 인터뷰.jpg
78,"‘취임 5개월, 한국생활 60여일’ 클린스만의 자충수…K리거는 차두리 눈에 들어야? 불신 목소리까지[SS포커스]"
79,새벽에 올라온 현재까지 토트넘 영입 상황 업데이트
80,시골집을 지키는 맹견 2마리 포착
81,"??? : 빨리 병원가봐, 니 남편 태어났으니까"
82,9.11 반격이 먹히지 않자 당황한 일본인
83,새만금 잼버리 조직위원회가 잘못한 건 없지 않냐?
84,자동차에 벌떼 테러당한 호주민
85,커리어 100호 홈런을 기록하는 페타주의 대형 쓰리런 ㄷㄷㄷㄷㄷㄷㄷ
86,"클롭 ""김민재 패스, 너무 날카로워서 못 막았다"""
87,여자가 성관계 시 부끄러울 때.jpg
88,잼버리 코코볼 올린 애 트위터 탈퇴함
89,[인터 마이애미 vs 올랜도 시티] 좋은 찬스 이번에는 골대 맞추는 메시 ㄷㄷㄷㄷㄷㄷㄷㄷ
90,잼버리 한국 참가자 트위터 비공개
91,퇴근도중 시비걸려서 싸웠다는 야구선수 근황 ㄷㄷㄷ...MP4
92,스포츠 올인 ‘쿠팡플레이’ 500만 사용자 눈앞
93,대왕고래보다 더 큰 원시고래가 발견됐다?!
94,"블랙핑크 지수... ""주로 집데이트'"
95,[인터 마이애미 vs 올랜도 시티] 메시 멀티골로 3연승 기록하는 인터 마이애미 ㅅㅅㅅMOM 메시입니다!!!
96,콩물이의 눈물.manhwa
97,[인터 마이애미 vs 올랜도 시티] 마이애미 마르티네즈 pk 골 ㅅㅅㅅㅅㅅ퓨전까지 ㅋㅋㅋㅋ
98,[인터 마이애미 vs 올랜도 시티] 메시 좋은 프리킥 골키퍼 선방ㄷㄷㄷㄷㄷ
99,"[노브랜드버거] (수정) 세트 구매시 +단품 증정 (5,400원부터다양) (무료)"
100,포텐 간 '태백시 대형 구렁이 진실'은 포도다
101,"[오피셜] 포체티노의 첼시, 프리시즌 무패"
102,"[단독] 김민재 돈 뜯겼다…“에이전트 직원, 이적 성사 수수료 6000만원 가로채”"
103,"안녕하세요, OSC 집단소송 추진 중인 당사자입니다."
104,'잼버리 참가비는 인당 700만원 선' 팩트체크
105,"[위메프] 싸이닉 슈퍼 에어리 선스틱 1+1+1 (12,920원) (무료)"
106,원폭 개발자에게 사과 받으러 간 일본인들....jpg
107,김하성 오늘 경기 포함한 성적 업데이트
108,지금 대한민국 현 상황.jpg
109,새만금 잼버리 대회 전 후 사진
110,ㅇㅎ) 손목시계는 이제 진부하다
111,외국 참가자가 올린 잼버리 캠핑장 땅 상태.MP4
112,금지된 숲에서 검은 친구를 만난.manhwa
113,ix1 무사고 기원 인증합니다!
114,[인터 마이애미 vs 올랜도 시티] 메시 쐐기골 ㅅㅅㅅㅅㅅㅅㅅㅅㅅㅅㅅㅅㅅㅅㅅㅅㅅㅅㅅ
115,[로마노] : 토트넘은 03년생의 재능있는 스트라이커 아레호 벨리즈 영입위해 로사리오 센트럴과 협상 중.
116,[첼시vs도르트문트] 버스토우 동점골 ㄷㄷㄷㄷㄷㄷㄷ
117,신종 살인도구 등장
118,???????????
119,JTBC 뉴스에 나온 그 손가락.jpg
120,근데 무슨 생각으로 을과 을의 싸움이라고 한거임?
121,"[아이허브] 쏜리서치, Pic-Mins(멀티미네랄), 90캡슐(8월10일 3시까지) (22,875원) (조건부무료)"
122,[도르트문트 v 첼시] 88분 첼시 우당탕탕 동점골 !!!!!!
123,[PSG] 방금 뜬 PSG 유튜브 공식영상 폼 미쳤다
124,"서이초 교사 유족 ""'중요한 내용 경찰조사 요청 했으나 번번이 거절당했다"""
125,"주호민 ""고약하다"" 학습지 원본"
126,뉴스 씬스틸러 여학생 ㅋㅋ.gif
127,잼버리 홍보영상을 편집해보았다
128,[첼시 v 도르트문트] 도르트문트 선제골 ㅅㅅㅅㅅㅅㅅㅅ
129,어릴때 여사친을 많이 만들어둬야 하는 이유...gif
130,'새만금 잼버리 아침밥 수준 ㄷㄷㄷ' 글 분석
131,19) 과외샘 구하기 레전드.JPG
132,[첼시vs도르트문트] ㅈㄴ 쫄깃한 신무형의 드리블
133,"[Record] 속보 : PSG, 곤살루 하무스 이적료 €65M + €15M 오퍼"
134,"[쿠팡와우] 홍면 8개 (6,320원) (무료)"
135,콩물이 만화 사람들이 잘 모르는 부분.jpg
136,[활약상] 버질 반다이크 vs 바이에른 뮌헨
137,"상온 초전도체 개발 주장 퀀텀에너지연구소, 홈페이지에 파트너사 무단도용 의혹"
138,[단독] “환자들 구조 위해 공연중단 해달라” 소방 요청 20분간 뭉갠 잼버리
139,[속보] 퀀텀에너지연구소 사이트 폐쇄
140,[아스날 vs AS 모나코] 조신 깡총 성공 ㅅㅅㅅㅅㅅㅅ
141,방금 나온 메이저리그 재미있는 장면 ㅋㅋ
142,???: 야 한국 씨발 니들 우리 침대갖고 놀렸었지?
143,패배의 앰창마드리드 서포터들 모여라!!
144,아침엔 6000원 하던 얼음이 오후엔 8000원 잼버리 폭리 논란
145,주호민이 고소한 특수교사 A씨.. 아마 처벌 없이 끝날듯.MP4
146,알에서 나온 김에 살아가는 새.jpg
147,ㅇㅎ?) 저번달부터 방영하기 시작한 애니 퀄리티...jpg
148,비판 여론에 취재 막아버린 잼버리 조직위 근황 ㄷㄷㄷ...NEWS
149,[스카이 스포츠] 라치오 - 카마다 다이치 2년계약 체결
150,"세리에, 낭만 그 자체인 남자들의 멘트 .jpg"
151,[첼시vs도르트문트] 신무형 아트 터치 ㄷㄷㄷㄷㄷㄷ
152,[첼시vs도르트문트] 신무형 let's dance
153,"주호민 ""특수 교사 선처 구할 것...뼈아프게 후회"""
154,직장인 수면 체감시간 ㄷㄷ...gif
155,남편 재산 노리다가 ㅈ된 아내 ㄷㄷ...jpg
156,ㅇㅎ?) 정의집행하는 만화.manhwa
157,"'울산 무너뜨린' 2004년생 수원 김주찬, K리그 7월 '영플레이어 상' 수상"
158,"[로마노] 루카쿠 - 유벤투스, 3년 계약 체결"
159,삼성그룹 계열사 비서 4명 한 번에 해고..news
160,[인터 마이애미 vs 올랜도 시티]  메시 선제골 ㅅㅅㅅㅅㅅㅅㅅㅅㅅㅅㅅㅅㅅ
161,[유벤투스vs레알마드리드]유벤투스 블라호비치 쐐기골 ㄷㄷㄷㄷㄷㄷㄷㄷㄷ
162,[첼시 vs 도르트문트] 벤세바이니 괴로워합니다 경고 받는 리스 제임스 ㄷㄷㄷ
163,주호민 변호사 관련 타 커뮤니티 댓글 반응
164,30년전 한국에 만들어진 잼버리 캠핑터에 대해 알아보자....JPG
165,김민재 반다이크 인스타 입갤ㄷㄷ
166,24세 소녀의 4년을 기다려온 통쾌한 복수!
167,오늘 피파온라인4 점검 내용 필독사항!!!!
168,엄마를 때린 미국  금쪽이 치료사
169,부안 잼버리에 왜 많이들 참가하는지 알아보자
170,잼버리 야전병원
171,"잼버리 행안부, 문체부 다 참여했는데 왜 여가부만 까나요?"
172,매장에 차도착했습니다 ㅜㅜㅜ
173,"[디스패치 단독] 블랙핑크 지수, 배우 안보현이랑 연애 인정 ㄷㄷㄷ..JPG"
174,"[디애슬레틱] 가브리엘 제주스, 무릎 부상으로 커뮤니티 실드 포함 몇 주 결장"
175,세계 잼버리 유치… 도전과 열정으로 이룬 역전 드라마였다
176,펌)주호민 입장문이 한심한 이유
177,"[단독] 지수ㆍ안보현, 공식커플 탄생"
178,"[11번가] 펩시 제로슈거 라임 210ml 30개 T멤버십 할인 (10,970원) (무료)"
179,"[롯데온] 한성기업 크래미 몬스터크랩 72g X 10개 (9,720원) (무료)"
180,새만금 지역에 밀린 전북 내 잼버리 후보지
181,드디어 무한도전 정준하 안무를 본 뉴진스
182,콩물이의 연 날리기.manhwa
183,[파브리지오 로마노-속보] 토트넘-반더벤 합의 근접
184,용사는 섹스하고싶다.manhwa
185,포텐간 부친 하이마트 바꿔치기 사기당한거 기사 떴다
186,폭우에도 끄떡없는 자금성
187,컴퓨터 완제품 설치 빌런들을 위한 설명서 ㅋㅋㅋ
188,"""우리가 노예인가요?"" 잼버리 봉사자들 '불만 폭발' ㄷㄷㄷㄷㄷㄷ"
189,마라도 반출 고양이 45마리중에 고작 4마리 입양됐음 ㅋㅋ
190,요즘 일본 건축 트렌드 근황
191,[속보] 잼버리 개영식서 50명 탈진·2명 중상...병원 긴급 이송
192,"dc)당근마켓 , 중고나라 사기쳐서 도박한 노가다갤러리 유저"
193,[유벤투스vs레알마드리드]레알 역습 비니시우스 추격골 ㄷㄷㄷㄷㄷㄷㄷㄷㄷㄷㄷㄷ
194,볼돌이 뭐가 나쁜지 모르겠음 그냥 전술의 일부분 아닌가?
195,이강인vs하키미(feat.네이마르)ㅋㅋㅋㅋㅋㅋㅋㅋㅋㅋㅋㅋㅋㅋㅋ
196,인천UTD 유소년 선수 선발 비리 무혐의
197,스타크래프트 합본 전체/12세 이용가ver (한빛 소프트ver) [패키지 박스 살펴보기]
198,<TB - NYY> 위기의 양키스를 구하러 지안카를로 스탠튼이 간다!!!!!!!!!!!!!!!!!!!!!!!!!!!!!!!
199,두산 베어스 7월 결산
200,[유벤투스vs레알마드리드]유벤투스 웨아 추가골 ㄷㄷㄷㄷㄷㄷㄷㄷㄷㄷㄷㄷㄷ
201,"주호민 과도한 빌런 만들기 멈춰라, 을과 을의 무의미한 싸움이다"
202,10년전 조선소 인력이 넘쳐났던 이유
203,실시간 김하성 타격성적
204,아내와 사별 후 딸이 종용해서 나는솔로 나왔다는 출연자
205,[유벤투스vs레알마드리드]유벤투스 킨 선제골 ㄷㄷㄷㄷㄷㄷㄷㄷㄷㄷㄷㄷㄷㄷㄷㄷ
206,"AI 아동 성착취물 제작자, 국내 첫 기소"
207,좆망한 세계잼버리대회에 등장한 생존전문가.jpg
208,유퀴즈) 연진이에게 바로 들켜버린 조세호 .mp4
209,플립5  지르고왔음요..
210,D.P 시즌2 서은 중령이 응원하는 야구팀
211,잼버리 근처 마트 두루마리 휴지 2개 4천원
212,2022년 당시 잼버리 개최지 모습
213,태풍 카눈 8월 2일자 예측 경로 & 위성 영상
214,당근마켓 레전드 애엄마 .jpg
215,새만금은 8년전 야마구치현 잼버리 따라하다 망한듯
216,"[AN]토미야스 타케히로-나폴리,인터 밀란"
217,새만금 세계 잼버리 참가비 (미국 기준)
218,"영화 ""마틸다""의 주연 배우와 숨겨진 비밀"
219,만약 주호민 사건이 공론화 안됐다면?.jpg
220,10년전 가짜치즈 근황
221,초전도체 LK99 재현 실패했던 인도 교수님 근황
222,대륙의 따갚되
223,3안타 + 멀티타점 경기를 펼치는 구드럼 ㄷㄷ
224,잼버리 잼민이 축제 소신발언한다 이건 국방부에서 주관했어야 함
225,"[지마켓] 구구크러스터 660ml 6개/구구크러스터(막대형) 30개입 (19,210원) (무료)"
226,[마이크 키건] 셰이크 자심의 가까운 사람들 사이에서는 그들이 맨유 인수전에서 승리할 것이라는 확신이 남아 있다
227,저번 미국 잼버리 사진들 몇 장
228,2002년 한국의 어린이는 한국 잼버리 대회에 경고를 했었다
229,잼버리 관련해서 전라북도에서 올린 설명글
230,"[잼버리] 실시간 SBS,KBS,MBC 아침 메인 뉴스.GIF"
231,석전의 민족 최고 아웃풋
232,"[벤 제이콥스] 브라이튼, £80m 이상의 오퍼를 받았음."
233,"[사차 타볼리에리] 리버풀, 3번째 비드이자 마지막 준비 완료."
234,반다이크 인스타 스토리) 민재와 함께
235,위르겐 클롭 감독이 조던 헨더슨에게 남기는 편지.
236,친구들이 나 카리나 닮았다는데.jpg
237,잼버리 레딧반응.reddit
238,[리버풀 vs 바이언] 오우 바비 클락 슈팅 막아내는 울라이히 ㄷㄷㄷㄷㄷㄷㄷㄷㄷㄷㄷㄷㄷㄷ
239,볼넷 얻어내며 4출루 경기를 완성하는 김하성 ㄷㄷㄷㄷㄷㄷㄷㄷㄷ
240,투수 꼴받게하는 김하성 ㅋㅋㅋㅋㅋ
241,"[BBC- 사이먼 스톤] 맨시티, 그바르디올 €90m 합의"
242,시원하게 돌리는 소토의 투런홈런 ㄷㄷㄷㄷㄷㄷㄷ
243,우리가 잊지 말아야 할 사건.jpg
244,주호민 유튜브에 달린 찐팬의 댓글
245,권은비 애교에 웃참하는 덱스.mp4
246,잼버리 애들 생각하면 진짜 내가 다 창피하다
247,라스) 손흥민이 이상형이라는 중년 여배우 박준금.jpg
248,"""잼버리 부지는 농업용지라 침수에 원천적 한계 있어"""
249,"[GOAL] 라치오, 미트윌란의 이삭센 영입 근접"
250,김하성 멀티히트 ㄷㄷㄷㄷ
251,[아스날 vs AS 모나코] 마갈량 성공 ㅅㅅㅅㅅ아스날 승부차기 승리 ㅅㅅㅅ
252,잼버리 인스타 댓글 상황
253,실시간으로 나라망신 중이라는 한국의 잼버리 축제
254,팀 왈도 스타필드 번역자 공개모집 시작
255,[속보] 잼버리 개영식서 84명 탈진·부상…조직위 “부대행사 중단 요청”
256,11경기 연속 멀티출루를 이어가는 김하성 ㄷㄷㄷㄷ
257,요즘 mz들 사이에서 유행이라는 호민체.jpg
258,"[디 애슬레틱] 웨스트햄, 제임스 워드 프라우스에 대한 30m 비드 거절 당한 후 새 비드 고려중"
259,자신의 아이를 3년만에 본 군인
260,"[오피셜] T1, Faker '이상혁'과 3년 재계약 성공"
261,김하성의 리드오프 홈런 ㄷㄷㄷ
262,외국인 아버지가 인스타로 딸 있는 잼버리 팩폭 날림
263,[아스날 vs AS 모나코] 미나미노 실축 ㄷㄷㄷㄷㄷㄷㄷㄷㄷㄷㄷ
264,앤드류코트) 초전도체의 확률 계속해서 오르고 있다.
265,잼버리에 참가하기 위해 1년 내내 돈을 모은 참가자
266,2019년 잼버리 사태를 예견한 기사.news
267,11년 전 오늘 메이저리그에서 있었던 일
268,[공홈] 노팅엄 포레스트 vs 스타드 렌 선발 라인업 (황의조 선발)
269,회사 그만두고 싶을때 쓰면 좋은 키보드
270,1991 고성 잼버리 사진들
271,"[익스프레스] 아스날 윙어 마르퀴뇨스, 올림피아코스 임대 임박"
272,"[공홈] 상파울루, 루카스 모우라 영입"
273,"페트레스쿠 감독 ""내 친구 포페스쿠, 내 친구의 친구 엔리케"""
274,잼버리 망한 이유 뇌피셜
275,주호민 유튜브에 달린 특수교사분 댓글
276,"새만금 잼버리 개최 경합지 ""무주 태권도원"".JPG"
277,[아스날 vs AS 모나코] 모나코 포파나 선제골 ㅅㅅㅅㅅㅅㅅㅅㅅ
278,[아스날 vs AS 모나코] 은케티아 코너킥 상황 멋진 동점골 ㅅㅅㅅㅅㅅㅅㅅㅅㅅㅅㅅㅅ
279,잼버리 사태로 재평가되는 나라.jpg
280,"BBC속보)캐나다 총리 쥐스탱 트뤼도, 부인과 별거"
281,"‘로테이션 예고’ 페트레스쿠, “전, 후반 45분씩 출전시킬 것”"
282,예상) 여성가족부 근황
283,스시로 회전초밥 간장 테러 사건 종결...JPG
284,잼버리 사태 보고 쓰는 여수엑스포 썰
285,울산서 초등생 포함 일가족 4명 숨진채 발견 “미안하다”문자
286,티아고 실바 진짜 대단하긴해
287,"'대구판 돌려차기' 피해자 ""평생 장애…가해자 엄벌 촉구"""
288,잼버리 운영 꼬라지 보면 엑스포도 망할듯
289,새만금 잼버리와는 격이 달랐던 1991년 고성 잼버리
290,잼버리 사진 보다보니까 PTSD온다
291,지하철에서 귀여운 여고생들을 본 아주머니의 감상.TXT
292,잼버리에 참가한 웨일즈 유튜버
293,100여년 전에도 이미 전세계 국력 1위였던 미국
294,한 해만 3000명 사망... 1956년 한국군엔 무슨 일 있었나
295,개최지 선정 단계에서 새만금은 부적합하다는 얘기가 나왔으나 무시
296,"[속보] 소방당국 ""새만금 잼버리 개영식에서 83명 탈진, 1명 발목 골절""..6시간 행사 강행이 화 부른 듯"
297,아직도 완공 못한 잼버리 메인센터 .jpg
298,실시간 피시방에서 흉기난동
299,[숙보] 2030 엑스포 사우디 당선!!!
300,플립5 45달러에 산거 영수증
301,"(속보) 잼버리 개영식서 83명 탈진, 2명 중상... 병원 긴급 이송"
302,잼버리 인스타그램 댓글 근황
303,[스팀] 킹덤 언더 파이어 Gold (무료) (무배)
304,"잼버리 집행예산 1,000억이 어디갔긴"
305,공중파 뉴스에 나온 잼버리 스카우트 열악한 현장 상태 ㄷㄷㄷ...JPG
306,[BBC-사이먼스톤] 맨시티는 '그바르디올'의 이적료가 '맥과이어'보다 저렴한것에 매우 만족하고있다
307,식탁보 빼던 일본 아재 근황 ㄷㄷㄷㄷ...MP4
308,2019년 북미 스카우트 잼버리 사진들
309,이강인 인터뷰 내용 요약
310,[SNS] 본인의 임무를 완수(?)하고 행복한 에이전트 노니
311,잼버리 훈련 참가한 한국인이 절대오지말라며 올린 사진 ㄷㄷㄷ..JPG
312,이강인 포옹하는 네이마르? ㅋㅋ
313,K리그1 감독들의 현역시절 골 모음.jpg
314,존나 더워서 탈주중이라는 잼버리 참가한 외국인들 ㄷㄷㄷ..JPG
315,주호민 입장문 풀버젼
316,반다이크 인스타에 올라온 김민재 ㄷㄷ..JPG
317,드래곤볼 러브라인 근황.jpg
318,특수교사의 변호사가 대단한이유
319,권은비 싸가지 없는 눈빛
320,내 친구 라식인지 라섹인지 하고 존나 나댐
321,"중국 태풍 ""독수리"" 140년만에 가장많은 강수량.gif"
322,"[11번가] 펩시제로 355ml 24캔 / 210ml 60캔 티멤 (12,810원) (무료)"
323,(속보) 잼버리 남자화장실 변기 6개 모두 막힌 상태
324,[오피셜] 아스날 vs AS 모나코 선발 라인업
325,잼버리 900억 포텐글은 포도임
326,주호민 2차 입장문 언론에서 물었네ㅋㅋㅋㅋㅋㅋ
327,첼붕이들아 유니폼 지를때가 왔다 ㄱㄱㄱㄱ
328,주호민 입장문에서 빠진거
329,[SPP] 토트넘 - 반더벤 영입이 늦어진 이유는 볼프스부르크가 합의된 가격을 계속 올렸기 때문.
330,잼버리 애들 개고생이니 행사 축소해라에 대한 반응
331,잼버리 참가자가 쓴 글.jpg
332,난 가족티가 짭트론데 포텐한번 보내주라
333,그분 아들 전학가는 학교 학부모라고 주장하는 분 댓글
334,당장 한국에서 애들 대하는대로 대회를 준비하니 별 수가 있나ㅋㅋㅋㅋㅋㅋㅋㅋㅋ
335,속보) 세계잼버리 83명 탈진 1명 발목골절
336,"대만 배우가 말하는 ""한국 드라마가 인기 있는 이유"".jpg"
337,지도로 보는 경기도의 역사와 변천
338,ㅇㅎ) 한 분야에 통달한 사람도 못 이기는 유튜브 콘텐츠
339,<오피셜> 국제망신
340,주인이랑 딱 붙어서 자고 싶은 골댕이.gif
341,"세계잼버리 개영식서 50여명 탈진…조직위 ""부대행사 중단 요청"" 경찰 갑호비상, 소방 대응2단계"
342,테일러 스위프트 근황
343,콩물이의 결심 1~3.manhwa
344,"[디애슬레틱] 맨체스터 시티, 요슈코 그바르디올 영입 합의"
345,d-17 피지크 업데이트
346,"[공홈] 첼시, 리바이 콜윌 재계약"
347,레딧) 김민재 뮌헨 오피셜 당시 해외 팬들 반응 ㅋㅋㅋ
348,[도쿄스포츠] 카마다 다이치 - 라치오 재관심
349,제 인생 첫 유니폼입니다
350,"'씨맥' 김대호 감독 ""저희 팀 일찍 만날수록 운 좋다고 생각"""
351,"[속보] 소방당국 ""새만금 잼버리 개영식서 50명 탈진…중상 2명"" + 소방 비상 대응 2단계 발령, 행사 중단 요청"
352,더 놀라운 사실 알려줄까? 잼버리 대회 6년 전부터 준비한 거임 ㅋㅋㅋㅋㅋ
353,ㅇㅎ)토마신 맥켄지 근황
354,[로마노] 토트넘은 미키 반더벤 영입 합의 근접. 딜은 마지막 단계로 접어듬.
355,안녕하세요 아버지 노트북 사기 관련글쓴이 입니다.
356,김민재 어시에 관한 뮌헨팬들 반응
357,LCK 서머 정규 시즌 마지막 주 기념 천하제일 서머 밈 대회
358,경기장에 나오는 ‘그 노래’
359,뮌헨 vs 리버풀 전반 평점 feat.소파
360,[리버풀 vs 바이언] 벤 도크 크로스 누녜즈가 받기엔 강했습니다 ㄷㄷㄷㄷ
361,콜윌: 재계약은 쉬운 결정이었다
362,"[속보] 소방당국 ""잼버리 행사장 다수 부상자 추정... 행사중단 요청"""
363,주XX한테 고소당한 선생님 위험했네
364,"[오피셜] 첼시, 리바이 콜윌 재계약 완료."
365,고려와 몽골의 외교 관련 7가지 에피소드
366,[파브리지오 로마노-독점]토트넘-반더벤 딜 합의 근접
367,[KBS] 오늘자 콜린 벨 감독 인터뷰.gif
368,주호민 '제가 실례를 잘 못해요'
369,"[바바리안풋볼] 클롭, 마네의 실패에 당혹"
370,아폴로 우주선의 컴퓨터에 프로그램을 기록한 방법
371,원피스) 무조건 동료가 될 줄 알았던 캐릭터
372,에어컨 틀고 사무실 근무하는 공무원이 폭염에 덥다고 하는 이유
373,김민재 리버풀전 주요 활약상.gif
374,감스트 OSC 관련 언급 ㅋㅋ
375,도둑질 하다가 인도 출신 형님에게 참교육 당하는 인간
376,"[동원몰] 사조대림 동치미 냉면 + 북성로 연탄불고기 4인분 (12,900원) (무료)"
377,김상욱 교수님 초전도체 간단정리
378,아니 첫 유니폼은 포텐이라면서요
379,수원 더비 예매 근황
380,"[DM - 잭 고헌] 맨체스터 시티, £78m의 이적료로 요슈코 그바르디올 영입 합의"
381,드래곤볼 브로리 근황.jpg
382,실시간 총장실 cctv
383,"[SNS] 바이에른 뮌헨, 싱가포르 컵 우승!!"
384,백승호 이탈리아 뭐냐
385,"[쿠팡] 오마이팝 팝콘 다크코코아 (3,000원) (로켓배송무료)"
386,"심형탁 아내 '사야' 母 ""심형탁, 46살이라기에 어떤 아저씨가 올까 걱정했다"" 속마음 고백(신랑수업)"
387,짜집기 한 녹취
388,실시간 이강인 인스타스토리.jpg
389,[유퀴즈] 임지연 남자친구 언급 ㅋㅋㅋㅋ...mp4
390,학부 졸업 논문으로 학계의 정설을 정립한 역사학자
391,김재호 타구가 우익수 앞에 떨어지며 선취점 가져가는 두산 베어스
392,이강인땜에 빵터진 엔리케 ㅋㅋ
393,PSG 전북 오픈트레이닝 스텝 논란
394,그냥 주호민 입장문 이런식이였으면 여론 어땠을까?
395,바이언 역전골 논스톱 발리 느린 장면 ㄷㄷ.GIF
396,"이강인한테 같이 볼돌리자고 하는 네이마르, 베라티 ㅋㅋㅋㅋ"
397,해병대 캠프나 다름없는 잼버리 대회 근황
398,격투기를 무시하는 아내.Manhwa
399,"전효성 ""아침 7시부터 PSG 기다려"".jpg"
400,내가 살면서 본 최악의 방송사고
401,조선 임금들이 은근히 썼던 숙청 방법 중 하나.
402,잼버리 현장 임시 편의점gs25
403,맨시티 유니폼 선물받은 지수
404,[PSG 오픈트레이닝] 셀카찍는 이강인 ㅋㅋㅋㅋㅋㅋㅋㅋ
405,"""니하오~"" 인종차별 당해서 빡친 태국유튜버 ㄷㄷㄷ gif"
406,콩물게이야 제발 행복해라...
407,12회 연장 혈투끝에 두산이 승리를 가져갑니다!
408,네이마르에 가려져있던 하키미의 시선 ㅋㅋㅋㅋㅋㅋㅋ
409,[리버풀 vs 바이언] 바이언 미친 전개 알리송 세이브 ㄷㄷㄷㄷㄷㄷㄷㄷㄷㄷㄷ
410,현재까지 남아있는 9.11 테러 당시 1차 충돌 영상들.mp4
411,양의지 타구가 외야 멀리!! 어어 중견수가 처리하지 못하며 추가점 올립니다!
412,새만금 잼버리 아이돌 라인업
413,잼버리 개영식 k-pop 근황
414,[유퀴즈] 김덕배 : 자기님들 안녕하세요 ㅋㅋㅋㅋㅋㅋㅋㅋ
415,"[필립 힌체] 요슈코 그바르디올 to 맨체스터 시티, 완전한 합의 임박!"
416,"[공홈] 레알 소시에다드, 안드레 실바 임대 영입"
417,"[마르카] 스칼로니 曰 ""언젠가는 반드시 데포르티보 감독을 맡을 것이다, 1부가 아니어도 상관없다"""
418,[푸티스] 2주차 SBC 칼리두 쿨리발리 리뷰
419,"[공홈] 잔루이지 부폰, 은퇴"
420,난 지체장애인 1급임. 주호민 사건에 대한 느낌과 모두에게 건네는 부탁.
421,잼버리 참가 비용 ㄷㄷㄷㄷㄷㄷㄷㄷㄷㄷ.jpg
422,"[공홈] LAFC 카를로스 벨라, 은퇴가 가까워졌음을 인정"
423,"[리버풀 vs 바이언] 경기 종료, 바이언이 크라치히 극장 역전골로 승리를 거둡니다 ㄷㄷㄷㄷㄷㄷㄷㄷㄷㄷㄷ"
424,"[첼루키의 스카우팅 리포트] - 첼시 메디컬 테스트 완료, 악셀 디사시"
425,믿기 어려운 오늘경기 베스트와 워스트
426,파리상황
427,체인소맨 한국어 더빙 영상
428,[리버풀 vs 바이언] 미친 알리송 두 번 연속 세이브 ㄷㄷㄷㄷㄷㄷㄷㄷㄷㄷㄷㄷ
429,[리버풀 vs 바이언] 개좋아하는 투헬 ㅋㅋㅋㅋㅋㅋㅋㅋㅋㅋㅋㅋㅋㅋㅋ
430,옷이 3세트가 왔는데 좀 많이 작은듯
431,일본전문인싸vs일뽕jpg
432,유퀴즈) 성대에 안 좋은 습관 .mp4
433,[리버풀 vs 바이언] 바이언 역전골ㄷㄷㄷㄷㄷㄷㄷㄷㄷㄷㄷㄷㄷㄷㄷㄷ
434,드디어 균형을 깨는 증슈빈의 적시타! 두산이 앞섭니다!
435,???:민재군 이거 보여요??
436,주호민 녹취록에 대한 반박
437,[리버풀 vs 바이언] 아니 누녜즈 이걸 마무리 못해요 ㄷㄷㄷㄷㄷㄷㄷㄷㄷㄷㄷㄷㄷㄷㄷㄷㄷㄷ
438,(바이언 직관) 여기는 싱가폴!!
439,[리버풀 vs 바이언] 바이언 스타니시치 다시 동점골ㄹㄹㄹㄹㄹㄹㄹㄹㄹㄹㄹㄹㄹㄹㄹㄹㄹ
0,                                고래사냥 중 대참사가 일어난 이유.                            
1,                                드디어 터질게 터진 '주우재' 카메라 밖 인성 논란                            
2,                                1분 생명 연장 짤                            
3,                                오늘자 장혁 논란                            
4,                                아찔한 미드 설인아                            
5,                                홍수로 전재산 날린 중국인                            
6,                                배우 박하선 수영복 몸매                            
7,                                백댄서 3명에게 고소당한 팝가수 리쪼.jpg                            
8,                                스포 - 오펜하이머 ★★★★☆                            
9,                                일본 20대여자 성병 발병율 40배폭증..원인은 이것                            
10,                                광진구 ㅈ된 이유                            
11,                                남편이 목숨 걸고 일하는 현장을 실제로 본 와이프                            
12,                                6개월동안 매일 10km씩 뛴 결과                            
13,                                어제자  일본축구 폭동                            
14,                                21살 아내와 친자 확인 썰                            
15,                                마성의 남자 이강인 근황.gif                            
16,                                오늘 2일 윤석열 6박7일 휴가가는 이유.jpg                            
17,                                잼버리.. 역시 슈킹이었네요                            
18,                                류헨진은 이제 맛탱이 갔군요                            
19,                                신선한 충격 러시아 모델 학원 풍경.gif                            
20,                                김상욱 교수 초전도체 언급내용                            
21,                                리버풀전 김민재 활약상.gif                            
22,                                버스 사과녀                            
23,                                만 70세 이상은 투표권 반납해야 합니다                            
24,                                주호민씨 녹취록 기사 떴네요.                            
25,                                코리아 아미 티셔츠 나만 이상한 가요?                            
26,                                여친이 불러 집에갔더니 이러고 있다.                            
27,                                반대로 미션 임파서블도 흥행 실패 확정                            
28,                                사회복지사 생활재활교사 첫월급 명세서 입니다                            
29,                                이혼한 와이프가 죽었다고 연락왔다                            
30,                                서양에서 절대 건드리면 안 되는 놈 (약혐).jpg                            
31,                                대한민국 수소폭탄 사기극                            
32,                                원래 팀장은 권한은없고 책임만 있나요?                            
33,                                밀수 후기(스포 있어요) ★★★★☆                            
34,                                조상이 외국인인 우리나라 성씨(姓氏)                            
35,                                미쳐돌아가는 미국 노동시장                            
36,                                느낌이 쎄했던 치킨집 사장님.jpg                            
37,                                빚투로 나락갔던 마이크로닷 근황                            
38,                                화가 잔뜩난 물리강사.jpg                            
39,                                살엄청 뺀 송가인 ㅎㄷㄷ                            
40,                                회천아파트 빼 먹은 철근 대신 넣은 것 ㄷㄷ                            
41,                                제시어 수박에 빵터진 아이돌 ㄷㄷ                            
42,                                임지연 춤실력 근황                            
43,                                트와이스 사나 화났을때 몸매                            
44,                                흥미로운 인류 문명 복원 상상도.jpg                            
45,                                맹자가 성선설을 주장한 이유.jpg                            
46,                                갤럭시 탭 S9 가격표.jpg                            
47,"                                토렌트,스트리밍 사이트 다 없어지겠네요.                            "
48,                                충격적인 주호민 사건 녹취록 공개 ㄷㄷ                            
49,                                미치게 웃기다는 존잼 코미디 영화 50위.jpg                            
50,                                서이초 진범의 정체                            
51,                                다시 봐도 감동..문월 치골 제로투                            
52,                                서이초 교사 자살 사건 여가부는 왜 가만히 있는가                            
53,                                골반이 커 힘든 녀                            
54,                                츠보미 근황 사진.jpg                            
55,                                아직도 신기한 이강인 네이마르 투샷.gif                            
56,                                워킹 ai 영상                            
57,                                레미 루시디 68층 추락사                            
58,                                그 특수교사도 잘한건 하나도 없네요.                            
59,                                ㅎㄷㄷ한 넥쏘(수소차) 일반 부품 수리비                            
60,                                인싸들의 성지 양양 근황                            
61,                                교사가 원하는 진짜 교권 향상.manhwa                            
62,                                민주당 출신 독재자가 한번 나와봐야 함                            
63,                                앞좌석 승객 도촬                            
64,                                파 호박 가지 고추 옥수수 [직찍]                            
65,                                '섞일 수 없는 이종족 아내들' 달콤하고 짜릿한 로맨스판타지 ★★★★☆                            
66,                                2016 미스 크로아티아 월드 출신 Ivana Knoll 몸매 .mp4                            
67,                                한국 미사일 정확도 근황                            
68,                                내가 산 차로 따져보는 허세지수                            
69,                                더 락vs브록 레스너                            
70,                                대한민국 사형집행 찬성 vs 반대                            
71,                                아파트 바닥구조 비교.jpg                            
72,                                '갤럭시 쓰는 여자 잡아라'를 본 갤럭시 쓰는 여자 반응                            
73,                                실시간 잼버리 현상황..JPG                            
74,                                '회귀수선전' 업그레이드된 한국식 선협물 ★★★★☆                            
75,                                권은비 워터밤                            
76,                                미군의 물량보급 사전배치 전단.jpg                            
77,                                스압) 주호민 입장문.jpg                            
78,"                                아이린 ""아찔한 각선미 선보여""                            "
79,                                현재 동해안 근황 ㄷㄷ                            
80,                                성진국 유튜버의 야릇한 헬스 실험 ㅋㅋ                            
81,                                이강인 네이마르 친목질에 열폭하는 일본인들                            
82,"                                주호민 작가의 2차 입장문, 전문                            "
83,                                보는 시점을 바꿔야 재밌는 악귀 후기 ★★★★★                            
84,                                의외로 많이들 모른다는 수건 교체시기.                            
85,                                7년 사귄 여자친구가 바람을 피는걸 당한 사람                            
86,                                오늘도 회사 지각한 여인                            
87,                                AV 배우의 잠옷 경매 현장                            
88,                                초전도체 개발로 본 노답 국민성                            
89,                                여자들이 노출하는 이유 정리해줌                            
90,                                초전도체 성공 시 대한민국 상황                            
91,                                나이 측정 어플을 써보는 누나                            
92,                                창문을 열었는데 뷰가 이렇다면 아파트 살 건가요?                            
93,                                리얼돌 언박싱                            
94,                                불륜카페 여자가 충격받은 이유.jpg                            
95,                                서양 여배우 미모 올타임 레전드 올리비아 핫세.gif                            
96,                                주호민 너무 공격하지 마시길                            
97,"                                2020년, 한국남자들이 많이 찾아 본 일본영화 TOP 30                            "
98,                                선넘은 새치기 차량                            
99,                                태풍 방향에 대한 일본의 입장 .jpg                            
100,                                19) 뒤가 다 뚫린 야한 슬립 미또                            
101,                                [에픽게임즈]홈월드 리마스터 컬렉션 무료 공개 정보 [정보글]                            
102,                                ㅋㅋㅋㅋㅋ 진짜 어이가 없네요 어이가 없어                            
103,                                2차전지 조정 들어가니                            
104,                                한국프로야구40년 도무지 안 나오는기록.jpg                            
105,                                이강인 현재 나이때 메시.mp4                            
106,                                믿고 걸러야한다는 남자 특징                            
107,                                아래층에 먼지통 비우는 여자..jpg                            
108,                                밀수 후기 ★★★☆☆                            
109,                                이블린 비키니 입고 풀빌라에서 놀기 브이로그                            
110,                                오늘 출시하는 미니게임천국 BM 근황.jpg                            
111,                                주식은 고도의 심리싸움이라 생각합니다                            
112,                                오또맘 원피스 몸매                            
113,                                전세세입자인데 방금 집주인에게 건물이 경매로 넘어간다고 연락이왔습니다. 제가 어떤 조치를 취해야하나요?                            
114,                                led전등 교체비용 15만원 비싸다vs 안비싸다                            
115,                                인버터 에어컨이 아닌데 오늘 하루종일 틀었습니다.                            
116,                                새로운 테마가 나왔네요..                            
117,                                불륜카페 글과 후기                            
118,                                ??? : 순살아파트 표현 자제해달라                            
119,                                주호민 사건 하나씩 펼쳐지네요.                            
120,                                강릉 편의점 진상가족                            
121,                                애니화 준비중인 한국 웹툰들                            
122,                                카리나 댄스 애니메이션 ai화                            
123,                                개한테 순식간에 털린 김채원 ㅋㅋㅋ                            
124,                                흔한 와이프의 서비스(ㅇㅎ)                            
125,                                초전도체가 상용화된 미래의 서울                            
126,                                누군가가 보내는 편지.Manhwa                            
127,                                요즘 사람들이 휴가가서 고기 안사는 이유                            
128,                                상온 초전도체 실현 근황..                            
129,                                스트리트 파이터 6 공식 대회 춘리 누드 대참사                            
130,                                표정 싹 바뀌는 김예원 ㅋㅋ                            
131,                                한국에서 주택 선분양이 활성화된 이유                            
132,                                여수 고속도로 졸음쉽터 사망 사건의 전말                            
133,                                혐 주의)오늘 퇴장당한 마르셀루의 끔찍한 반칙                            
134,                                인체의 신비. 두 팔을 이식 후 생겨난 일.                            
135,                                여성복서계 할리퀸 바비 쓰리 식스.jpgif                            
136,                                먹태깡 근황.jpg                            
137,                                AI로 아동 나체 제작한 사람. 범죄다 VS 아니다.                            
138,                                초전도체 현 상황.jpg                            
139,                                남의차 본넷에 드러누워.jpg                            
140,"                                유시민 ""똥맛나는 카레를 선택하지 않고 카레맛 나는 똥을 선택했다""                            "
141,                                신세경 타사키 TASAKI                            
142,                                1년전? 코로나 사라졌다고 마스크도 벗어라 했는데                            
143,                                탈모가 40대 정도되면 멈춘다던데요                            
144,                                초전도체 제2의 황우석 같은데                            
145,                                [약혐] 중국에 상륙한 5호 태풍 독수리 현 상황 ㄷㄷ                            
146,                                에어컨 기사들 좀만이 불쾌하네요                            
147,                                공무원 준비하다 인생 말아먹는 실제 사례                            
148,                                거울치료 당하는 SNL 맑눈광                            
149,                                제가 사는 LH행복주택 수질 심한거 사진 또 찍음;;;.jpg                            
150,                                무사고 기원 인증) 결국 소렌토 하이브리드 구매                            
151,                                호불호 갈리는 몸매 끝판왕                            
152,                                밀수 후기 올려봅니다. 스포가 있을수 있습니다. ★★★☆☆                            
153,                                잇지 유나 x침 대참사                            
154,                                4천 이하 SUV 하이브리드 뭐가 괜찮을까요?                            
155,                                32살 청년의 하루 식사량                            
156,                                쿠팡 노조 총파업 충격적 근황 ㄷㄷ                            
157,                                부부관계를 아이에게 들켰을때 대처법                            
158,                                우리나라에서는 불가능한 삼계탕 집 홀 서비스                            
159,                                라면 건더기 스프만 따로 사봄 ...                            
160,                                격투기 선수 씹어먹은 좀비트립 양산 참가자                            
161,                                요새 10대 여성 식사 코스 유행이                            
162,                                양양 해변근황.jpg                            
163,                                하연수 일본 NHK아침드라마 출연결정!! (시놉시스 보니 이제 한국에 안오겠다...)                            
164,                                에어컨이 안나오는 사무실에서 야근중인 후배사원                            
165,                                초전도체 배팅 사이트 현황                            
166,                                LH 철근 없어도 전면 재시공 안해도 되는 이유                            
167,                                존예 친구 와이프가 브라질리언 예약해서 고민인 의사                            
168,                                태풍 독수리 제명 확정적이네요...                            
169,                                호주에서 절대 건드리면 안 되는 놈                            
170,"                                이동관 첫 일성 ""공산당 신문, 언론이라 하지 않는다“                            "
171,                                상온 초전도 LK-99 성공인가???                            
172,                                흔한 고기집 알바녀 미모                            
173,                                순살 아파트가 ㅈ된 이유 ㄷㄷ                            
174,                                똘똘 뭉친 제주 청소년들.jpg                            
175,                                올시즌 MLB 마무리 끝판왕 ㄷㄷ.gif                            
176,                                이상한데 재능을 쓰는 남편ㅋㅋㅋㅋ.jpg                            
177,                                슬픈 젖꼭지 3                            
178,                                [몽골] 2박3일의 고비 여행                            
179,                                강원도 영월 구름품은캠핑장 난코스                            
180,                                과학 방역 떠들던 놈들 등판 좀 해라                            
181,                                요즘 일본의 K 국뽕 만화 근황.jpg                            
182,                                최근열린 모든 복싱팬을 경악시킨 매치.gif                            
183,                                한국 열돔 체험                            
184,                                흥행못했지만 꽤 괜찮았던 추억의 성인영화.jpg                            
185,                                프랑스에서 가장 인기없는 한국음식                            
186,                                AI 가 그린 지극히 현실적인 여친룩이라고...jpg                            
187,                                똥꼬털은 왜 나는거야?                            
188,                                기룡이 언더붑                            
189,                                권은비 일본 워터밤 레전드 직캠                            
190,                                인싸들이 보내는 야스 신호.jpg                            
191,                                갠적 연쇄 살인마 영화 31.jpg(잔인한 영상 다소 있으니 주의바람)                            
192,"                                중동자본, K리그 진출 도모! K리그 팀 인수까지 고려 중.news                            "
193,                                요즘 번화가 삼겹살집 특징.jpg                            
194,                                미술학원에서 성기노출한 SSUL (고전)                            
195,                                조선의 시스템을 무너트린 두 군주                            
196,                                남자인데 사고싶은 가방                            
197,                                NBA 역사상 포지션별 최대 규모의 계약.jpg                            
198,                                대통령 휴가에 대한 국민들 반응                            
199,                                현재 우리나라에서 가장 심각한 사회갈등은 무엇일까?                            
200,                                미니pc 후기                            
201,                                해운대 미포에서~~                            
202,                                의외로 선 쎄게 넘었던 공중파 방송                            
203,                                jyp미국병 a2k근황                            
204,                                수년간 생과일만 먹던 비건 근황                            
205,                                짱깨에게 진실을 알려주는 참 중국인                            
206,                                K9 이냐 G90이냐                            
207,                                리얼 놉철근 아파트 근황 ㄷㄷ                            
208,                                오늘매매내역                            
209,                                팬더티비로 복귀한 김이브                            
210,                                K-푸드 백종원 유튜브의 폐해ㅎㄷㄷ.....jpg                            
211,                                오피스레이디 OL 모음                            
212,                                고윤정 폰카로 찍은 실물 봐ㄷㄷ                            
213,                                최신자 AI 동영상 생성 기술력 근황.gif                            
214,                                신혜선                            
215,                                한명을 바라보고 팬서비스하는 심쿵 사나 . GIF                            
216,                                권은비 실물 체감 & 청순 상큼한 여름여름한 출근 룩.mp4                            
217,                                권은비 몸매 . JPGIF                            
218,                                여직원 새로 뽑은 김계란                            
219,                                배우 이시영 근황                            
220,                                하얗고 봉긋한 란제리 패션 태연                            
221,                                하루 아침에 상한가 30프로 올른거                            
222,                                토요일에 한잔                            
223,                                김민지 아나운서 비키니                            
224,                                포르투갈의 이혼율은 94퍼센트                            
225,                                한국전력 민영화 되면 발생할 상황.news                            
226,                                지른드아!!!!!!!!!!!!!!!!!!!!!                            
227,                                남자가 취직하면 기 빨릴 것 같은 사무실 ㅋㅋ                            
228,                                허리 척추 골반 한번에 아작나는 자세                            
229,                                비가 김태희 꼬시기 까지 걸린 기간.jpg                            
230,                                요즘 중고딩들 경제 관념 근황 ㄷㄷ                            
231,                                레알 순살 아파트.news                            
232,                                세종 신도시 비쥬얼                            
233,                                땅 200평 공짜로 주는 누나                            
234,                                5년간 매일 오른 주식...161억 신의 타점 주식고수녀의 최후                            
235,                                발박수 치는 강인경                            
236,                                전투기 클로킹의 위엄.jpg                            
237,                                탈아시아급 골반녀                            
238,                                개 같이 맞아 내장이 터져 죽은 매국노.                            
239,                                정신나간 성폭력 근절 포스터.                            
0,잼버리 수습에 군인 투입 시작
1,[KBO] 이딴건 왜 내는지 모르겠다는 SSG 랜더스 신상 유니폼
2,이강인 소속 파리 생제르망 내한 경기 스페셜 유니폼 (feat.지드래곤)
3,홀란드 사인받고 감격해하는 전지현ㅋㅋㅋㅋㅋㅋㅋㅋㅋㅋㅋㅋ
4,그새 뽀얘진 아기바오X2 투샷🐼🐼
5,요즘 한국 탈출 하겠다며 이민상담 폭증 했다는 두 직종.jpg
6,아씨두리안 이라는걸 방금 틀었는데 틀자마자 내가 보고있는게 실환지
7,여자먹방유튜버가 성형했냐는 어그로 질문에 인증방법
8,논란중인 새만금 잼버리에 특급소방수 투입
9,카페 주인은 직원에게 “음료 마셔도 돼”...이걸 직원 남친이 마시면?
10,"[단독] 英, 새만금에 외교관 긴급 파견… 안전 우려 전달"
11,이전에도 다른 특수교사에 대한 말을 했던 주호민 아내
12,트위터에서 알티터지고있는 유재석 째려보는 임지연.twt (유퀴즈)
13,과일 들어간 예쁜 이름 뭐있음
14,"주호민 아들 학교 ""신고 권유한 적 없어""...2차 입장문 논란"
15,"만취해 새벽에 귀가한 대학생, 혼내던 어머니 흉기로 살해"
16,[고르기] 피곤함에 지쳐 잠들었다가 눈을 떴는데...jpg
17,"잼버리 조직위, 개영식 온열환자 속출에 ""K팝 행사로 에너지 분출해서"""
18,"안보현, 팔로워 급상승 중...여친 지수 덕분?"
19,"[단독] ‘생존 게임’ 된 잼버리, 유럽 참가국 우리 정부에 항의 서한…학부모 항의 빗발쳐"
20,25~39세 모솔비율 11.9%
21,게이에게 번따한 여자의 최후.jpg (+추가)
22,잼버리 관련 너무 억까도 심하다고 느끼는 점
23,"양산, 이제 아줌마룩 아니고 국민템"
24,장원영 느낌있다는 신인 광고모델.jpg
25,"""좋은 친구되고 싶다""...혼자 사는 20대 여성 집 앞에 닭꼬치 둔 50대 남성"
26,[단독]옥탑방 리얼돌과 설치기사의 안타까운 죽음…내막은?
27,아님! 태백산 구렁이는 실제 맞음!!!!!
28,"정해인 ""안보현♥지수, 열애 사실 몰랐다…건강하고 아름다운 사랑 하길"""
29,배수시설 개쩐다는 자금성도 못 막은 것 . jpg
30,핫게간 ‘잼버리 자원봉사자 오늘 아침 제공된 조식.jpg’은 선동 날조글
31,바비 얘기 나오며 무뜬금 페미 영화라 망했단 소리 나오는 영화
32,티셔츠 80만원짜리 입었네 당근에 팔아서 카드값 내라
33,푸바오가 최근 커뮤에서 핫해진과정🐼
34,"주호민 ""고약하다"" 학습지 원본"
35,새만금 잼버리서 K-푸드 소개
36,W KOREA 2023년 8월 별자리 운세
37,잼버리 참가자 SNS근황
38,“교장 승인받은 학부모만 교사 면담”
39,전북도가 새만금 세계잼버리 대회를 유치한 가장 큰 이유
40,"“아침에 6천원에 판 얼음이 오후엔 8천원”…잼버리, 폭리 논란까지"
41,잼버리 학부모 “아이들 지쳤는데 내외빈 입장 큰 박수 치라고…쇼킹”
42,비판여론에 취재를 막아버린 잼버리 조직위
43,새만금 잼버리 축제에 아이돌 뜬다… 6일 콘서트 개최
44,잼버리 온열질환자들 리셉션홀 방치 병상없어서 탁자 위에서 수액맞아
45,“금어기 폐지” 어업규제 115년 틀 깬다
46,새만금과 마지막까지 잼버리 개최지 경합했던 곳
47,"YG 측 “블랙핑크 지수, ♥안보현과 알아가는 중” 열애 인정 [공식]"
48,"디스패치 [단독] 지수♥안보현, 공식커플 탄생…""우린 지금, 알아가는 과정"""
49,"[단독] 지수❤️안보현, 공식커플 탄생…""우린 지금, 알아가는 과정"""
50,"이천수, 허세 폭발 ""2002년 월드컵 때 방탄소년단 급 인기""[살림남]"
51,"김관영, 6년 준비한 새만금잼버리 “후손 위해 전북 알릴 큰 기회”"
52,105세 할머니의 평소 식단.jpg
53,🖤 🤍 아침에는 사랑둥이 푸바오를 보자 🖤 🤍
54,오늘자 19금 웹툰 기혼 감성 댓글들
55,"마마무+ ""화사·휘인 이적 아쉬워…팀 있어야 개인도 있는 것""[인터뷰]"
56,"잼버리서 수십명 탈진으로 쓰러져...조직위 ""일정변경 없다"""
57,韓 '밀수' 대박인데 '바비' 부진? 외신이 주목한 이유
58,실시간으로 나라망신 중이라는 한국의 잼버리 축제.jpg
59,"""목숨 걸고 뛰었다"" 검단신도시 점령한 들개 무리들"
60,"""주호민 빌런 만들기 멈춰라""… '말아톤' 감독, 입 열었다"
61,세계 잼버리 이전 개최지 vs 한국 개최지.jpg
62,혐한제조기 잼버리 근황.jpg
63,빌보드 핫100 3곡 차트인한 뉴진스.twt
64,"뉴진스 '겟 업', 美 '빌보드 200' 1위…K팝 걸그룹 두 번째(1보)"
65,[속보] 대구 실시간 pc방 칼부림 범인 수색중
66,잼버리에 참가한 웨일즈 유튜버
67,5세대 아이돌 시대 열린 거 공감한다 vs 시기상조다 .jpg
68,`한강공원 사망 의대생` 고 손정민씨…`재수사` 길 열렸다
69,오늘 뉴스에 나온 잼버리 현장 어우.....ㄷㄷ.news
70,많은 사람들이 읽었으면 좋겠는 주호민 입장문에 현직 특수교사라 밝힌 분의 댓글
71,푸바오에게 자리 양보하라는 말에 바로 포기하는 아이바오
72,자컨 발언 논란에 직접 해명한 더보이즈 상연
73,다들 본진 응원봉 뭐라고 불러??
74,러바오 vs 레시 기싸움 대결ㅋㅋㅋㅋ
75,요즘 핫게 양대산맥
76,토스 용돈 뿌리기
77,트위터 이슈 관련 한국인을 위한 조언
78,김상욱 교수님 초전도체 간단정리
79,네이버페이 12원
80,"[속보] 소방당국 ""새만금 잼버리 개영식서 50명 탈진…중상 2명"" + 소방 비상 대응 2단계 발령, 행사 중단 요청"
81,현시각 나는 솔로 돌싱특집
82,커피를 한달동안 끊으면 생기는 일.jpg
83,이 중 딱 하나의 작물만 이 세상에 남길 수 있다면?
84,대히트곡이지만 알고보니 뻔뻔스러운 표절이었던 노래.ytb
85,이혼한 와이프가 죽었다고 연락왔다.jpg
86,"신니얼 귀무는 아이바오, 아이바오 귀무는 푸바오"
87,공주로 꾸며준 것 같지만 뭔가 족장 같음
88,틱톡 역사상 가장 빠르게 5백만 팔로워를 달성한 계정 (주어 정국)
89,푸바오 오늘 놀다가 다친데 없어?
90,🐼아무리 그래도 판다들한테 장난감 만들어 준다고 진짜 똑똑해지겠어? (feat. 당떡당떡)🥕
91,강다니엘 인스타 릴스 업데이트 (BTS 정국 SEVEN 챌린지)
92,[KBO] 항의하다 퇴장당한 SSG 랜더스 김원형 감독
93,너무 예쁘고 귀여워서 심장 아픈 이뻐이뻐 아이바오 애기 시절.jpgif
94,엔시티멤들이 뽑은 엔시티에서 제일 잘생긴 사람 나와.jpg
95,오늘자 레전드 찍은 고잉 세븐틴
96,혐주의)나만 혀밑에 더듬이있음??
97,콘돔 사용을 권장한다는 이유로 보수 학부모단체에서 금서로 지정한 책 내용.jpg
98,주호민 입장문에서 '예상하지 못했던 시절의 우연'의 의미
99,"사유리, '마약 집유' 로버트 할리에…""또 할지 몰라, 지켜보는 중"""
100,"""여름에는 공무원도 덥습니다""…폭염에도 공공기관 실내는 28도"
101,사육사님들이 레몬이를 위해서 당근으로 꽃다발 엄청 예쁘게 만들어서 가져다 줬는데ㅋㅋㅋ
102,동영상에서 앞은?
103,한국인 대다수가 뭐에 씌었던 게 틀림없음...jpg
104,배스킨라빈스 가격 인상 안내
105,자신의 오랜 여성 팬이 남자친구 사귄다는 사실을 알게된 이용진 근황 .JPG
106,뭐 이렇게 하찮게 생겼나 싶은 아기 레서판다
107,양측 결혼 주선했는데 답례로 상품권 20만원 받음
108,특수교사 발언이 학대 아니라고 판단한 전문가의 과거 행적
109,주호민 사건에서 선생님들이 녹음기를 발견한 장소
110,"자해하는데 “더 찔러, 안 죽어” 자극한 경찰...“인권 침해”"
111,[단독] “나의 존엄한 죽음을 허하라” 조력사망 헌법소원 나선다
112,바이럴 걸려서 케톡에서 플타는 소속사
113,프랑스 여자 직원에게 '스윗하트'라고 했다가 혼났습니다.txt
114,"'바비 열풍' 한국에서는 잠잠…외신 ""페미니스트 낙인 두려움"""
115,신니얼-아이바오-푸바오
116,"[단독] ‘아이돌 포토카드 끼워팔기’ 의혹…공정위, SM·JYP·YG 현장조사"
117,"""부끄럽고 귀찮아""...동전 거스름돈 안 받아간다는 요즘 청소년들"
118,주호민 뼈를 가루로 만드는 어느 댓글
119,주호민이 오늘 입장문을 올린 이유
120,인피니트 컴퍼니의 운명을 이끌어갈 특급 인재 채용 선발전! (인피니트 자컨 예고)
121,바나나 우유를 400개 발주했다고 물류센터에서 전화가 옴
122,한국으로 이사 온다는 모카우유네
123,동성 연예인 두명과 여행 갈 수 있다면 누구랑 가고싶어?????
124,자폐아 맘카페 여론
125,"주호민 “특수교사 고소 어리석었다, 아이 비난 멈춰달라”"
126,(욕주의) 배달 4분 늦어서 받은 배민 리뷰
127,"황민현, 김소현과 컴백...연기력에 극과 극 반응 이어져"
128,핫게간 논란의 스포츠조선 기자 결국 사과영상 올림
129,또 수정된 주호민 입장문
130,SM 신인 라이즈 원빈 과사 모음.jpg
131,개성주악 파는곳 여기 5곳은 먹어보길 권함
132,공소장에나온 교사발언 전문과 변호인의 변론
133,동생만 보는 아빠에 대한 아기(형아)의 반응.jpg
134,제발 도와주세요. 불법촬영한걸 누나에게 들켯습니다
135,[레서판다/레서가족] Q. 레시와 레아의 2세 계획이 있나요?
136,주호민 성교육 강사 요구 사건에 대한 입장차이.jpg
137,주호민 입장문 수정
138,‘연인’ 황진영 작가 “배우 이다인 보게 될 것”[인터뷰]
139,입장문에 은근슬쩍 교사 잘못 추가한 주호민
140,"[단독] '피프티피프티 사태 원조 논란' 손승연, 뮤지컬 배우 최재림과 열애"
141,진짜 밉상이네 머리에 뭐가 들었는지
142,피해 학부모님은 분리조치를 원했는데 그걸 빨리 끝내고 싶어했던 주호민측
143,소름돋는 여자화장실 문구
144,"주호민 ""특수교사 신고, 직위해제 원치 않아..중재 바랐다"""
145,입장문에서 가장 눈에 띄는 점
146,제도적 문제가 아쉽고 자신들은 그것을 이용한 것이라는 주호민
147,일본방송에서 급하게 모자이크 된 사진
148,중국팬이 그린 푸바오
149,두번째 녹음기 사건에대해 해명한 주호민
150,지금 미국 난리난 백업댄서 3명에게 고소당한 팝가수 리쪼 (역겨움)
151,맵찔이한테 꼭 양보를 해줘야 하나요?
152,피스 뗀 중단발 카리나
153,주호민 입장문에서 의문스러운 점
154,오늘 컴백하는 권은비 기자간담회 의상+ 쇼케 의상 .jpg
155,자신의 허세지수 계산
156,다들 화가 잔뜩 났다가 좋아하는 사과 냄새를 맡고 기분 풀어진 고슴도치를 봤으면 해
157,주호민 유튜브 커뮤니티 전문
158,방금 올라왔다가 지워진 주호민 입장문
159,어제 김포12명 사상 교통사고 원인 밝혀짐.jpg
160,미국에 있다는 K-비빔밥 뷔페
161,쥬씨 탕후루 가격
162,이번에 나온 녹취록 짜집기 보고 쓰는 주호민 아내 편집 스타일
163,편의점에 나타난 미국 바퀴벌레 (주의주의주의)
164,"권은비 “친오빠 결혼식 비용 전액 부담, 싸움 걱정돼 가족카드 내역 체크”(강심장리그)"
165,나는 솔로가 보는 사람들 미치게 하는 이유
166,남자들이 입으로 여성에게 밥 먹여주는 식당 등장
167,맥도날드에서 동료들 감자튀김 위에 케찹 뿌린게 큰 실수인가요?
168,진짜 독특한데 생각보다 잘 안알려진 한국 관광지
169,"""진짜 밉상이네, 너 싫어죽겠어""…주호민 아들이 교사에 들은 말"
170,방사장 나온 지 이제 3일 된 꼬물이 푸바오🐼
171,너네가 만약에 '아 덥다' 했는데 친구가
172,실시간 나라 망신 중인 잼버리 근황
173,"진열대 발로 차던 아이 말리자, 음료수 집어 던진 부모"
174,똑소리나게 야무진 전문가 콜렉터 방탄소년단 뷔
175,푸바오가 중국에 가더라도 1년에 1차례씩은 중국에 가 소식을 전할 수 있도록 노력할 예정
176,"[단독] 33년 전문가, ""주호민 고소 교사, 학대 아니다"" 의견서 제출"
177,SM 센터제 센터분배 오피셜
178,시즌1에 비해 화제성이 전혀 없는듯한 예능 프로그램.jpg
179,SM 하반기 아티스트 발매 라인업 일정
