,title,content
0,"<selenium.webdriver.remote.webelement.WebElement (session=""33b5c25ecc8a9ff67e8441a1148bd6a6"", element=""83C4E9055AEC2C156E94A27DCEB89E9C_element_47"")>","[편상욱의 뉴스브리핑] <br/><br/> <br/><br/>인터뷰를 인용보도할 때는 프로그램명 'SBS <편상욱의 뉴스브리핑>'을 정확히 밝혀주시기 바랍니다. 저작권은 SBS에 있습니다. <br/><br/> <br/><br/>■ 방송 : SBS <편상욱의 뉴스브리핑> 월~금 (14:00~16:00) <br/><br/>■ 진행 : 편상욱 앵커 <br/><br/>■ 대담 : 박형수 국민의힘 국회의원, 전재수 더불어민주당 국회의원, 민성기 SBS 논설위원 <br/><br/>-------------------------------------------- <br/><br/> <br/><br/>●  <br/><br/> <br/><br/>※ 자세한 내용은 동영상으로 확인하실 수 있습니다. <br/><br/> <br/><br/>(SBS 디지털뉴스편집부)"
1,"<selenium.webdriver.remote.webelement.WebElement (session=""33b5c25ecc8a9ff67e8441a1148bd6a6"", element=""83C4E9055AEC2C156E94A27DCEB89E9C_element_48"")>","[사진=제주 드림타워 복합리조트]
롯데관광개발이 7일 제주 드림타워 복합리조트 내 그랜드 하얏트 제주의 38층 ‘스테이크 하우스’에서 3코스 디너를 선보인다고 밝혔다.  <br/>  <br/>3코스 디너는 총괄 셰프인 벌튼 이(Burton Yi)가 준비한다. <br/> <br/>시저샐러드 또는 크림 전복구이 등을 시작으로 미국산 프라임 채끝 등심 스테이크(또는 갈릭 버터소스 보스턴 로브스터), 디저트와 차까지 입맛과 취향대로 메뉴를 구성해 3코스로 즐길 수 있다.  <br/> <br/>벌튼 이는 그랜드 하얏트 제주를 대표하는 스타 셰프 중 한 명으로, 울프강 퍽이 아시아 최초로 론칭한 미쉐린 1스타 레스토랑인 ‘컷 싱가포르’와 마카오 윈 팰리스 복합리조트의 ‘SW 스테이크 하우스’에서 총괄셰프를 역임한 바 있다. <br/> <br/>롯데관광개발 관계자는 “글로벌 스타셰프가 선보이는 등심 스테이크, 갈릭버터 보스턴 로브스터(바닷가재) 등의 메뉴와 서비스를 합리적인 가격대에 그대로 즐길 수 있어 높은 가심비로 많은 인기를 끌 것으로 예상된다”며 “38층에 위치해 한라산과 제주 도심을 파노라믹뷰로 감상하며 색다른 다이닝을 즐길 수 있다”고 전했다.  <br/> <br/>아주경제=기수정 문화부 부장 violet1701@ajunews.com"
2,"<selenium.webdriver.remote.webelement.WebElement (session=""33b5c25ecc8a9ff67e8441a1148bd6a6"", element=""83C4E9055AEC2C156E94A27DCEB89E9C_element_49"")>","8~9일 파주시 영산청소년수련원에 228명 입소
[이미지출처=연합뉴스]
개신교 연합기관인 한국교회총연합(한교총)은 2023 새만금 세계스카우트잼버리 참가 청소년과 봉사자를 위해 전국의 한교총 소속 교회 시설을 제공한다고 7일 밝혔다. 제6호 태풍 '카눈' 상륙으로 야영이 어려워질 수 있는 상황에 대비해 전국 각지에 있는 기독교 수양관, 교회시설, 수련원 청소년 센터 등을 제공한다는 방침이다. <br/> <br/>일단 여의도순복음교회가 1200명을 수용할 수 있는 파주시 영산청소년수련원을 개방했다. 여의도순복음교회는 8~9일 사이에 잼버리 참가자 228명이 입소할 예정이라고 밝혔다. 아울러 안성시 노인복지센터인 안성크리스찬휴빌리지를 추가 제공할 예정이다. <br/> <br/>한교총은 태풍 위협이 예상되는 오는 9~10일 숙소로 제공할 수 있는 교회 시설을 모집하고 있다. <br/> <br/>앞서 한교총은 소속 교회인 여의도순복음교회, 새에덴교회, 한소망교회, 온누리교회, 전주더온누리교회, 포도원교회와 힘을 모아 전북기독교총연합회와 함께 잼버리 참가자들 지원 물품을 전달했다. 지금까지 생수 5만병, 컵라면 1만개를 제공했다. <br/> <br/>한편, 한국교회봉사단(총재 김삼환 목사, 이사장 오정현 목사)은 7일 모기향과 해충기피제와 자원봉사자를 위한 음료 등 6000만원 상당의 긴급물품을 지원했다. <br/> <br/>서믿음 기자 faith@asiae.co.kr"
3,"<selenium.webdriver.remote.webelement.WebElement (session=""33b5c25ecc8a9ff67e8441a1148bd6a6"", element=""83C4E9055AEC2C156E94A27DCEB89E9C_element_50"")>","세레니티 골프 앤 리조트 조감도
골프와 복합문화공간, 리조트를 결합한 프레스티지 회원제 리조트 '세레니티 골프 앤 리조트'가 내년 6월 오픈 예정이라고 세레니티 그룹이 7일 밝혔다. <br/> <br/>세레니티 골프 앤 리조트는 자연과 공감각적으로 교감하는 컨셉을 모티브로 설계됐다. 세레니티 컨트리클럽과 세레니티 커뮤니티 시설에서 문화와 예술을 향유하는 '세련된 편안함으로 떠나는 여정'을 제안하며, 리조트에 머무는 순간 속에서 깊은 영감을 경험한다는 전략이다. <br/> <br/> <br/> <br/>36개동 40세대로 구성되는 세레니티 골프 앤 리조트는 데크, 정원, 침실을 유기적으로 연결하고 모든 객실에서 세레니티의 자연을 조망할 수 있도록 했다. 테라스 비율은 최대 50%까지 확장했다. 객실은 45평형, 75평형, 105평형으로 구성되며, 지하 1층~지상 2층 높이에 세대마다 넉넉한 주차공간을 제공한다. <br/> <br/>회원들을 위한 복합 문화공간으로 조성되는 세레니티 커뮤니티 센터는 지하 3층, 지상 3층에 드라이빙 레인지, 세레니티 갤러리, 프렌치 다이닝 레스토랑과 베이커리 앤 카페, 세렌 라이브러리, 인피니티 풀 등이 들어선다. <br/> <br/>세레니티 리조트 회원들은 '세레니티 컨트리클럽'도 상시 이용이 가능하다. 세레니티 C.C는 “가장 훌륭한 골프장은 그대로의 자연이다”라는 컨셉 아래 프로골퍼이자 골프 코스 디자이너인 그레이엄 마쉬가 디자인했다. <br/> <br/>문화와 사교의 공간인 클럽 하우스를 비롯 골프코스, 조경, 도로, 온천수 스파와 사우나 및 레스토랑까지 회원을 위한 고품질의 서비스를 제공한다. <br/> <br/>세레니티 골프 앤 리조트는 청주와 세종 그리고 대전으로의 접근성이 좋은 남이면에 위치한다. <br/> <br/>세레니티 골프 앤 리조트의 설계는 김찬중 건축가가 총괄한다. 더 시스템랩을 이끄는 김찬중 건축가는 동세대 건축가 중에서 가장 주목받고 있으며 하나은행 플레이스 원, 코스모스 리조트, 폴스미스 플래그십 스토어, 서울 식물원 등 대규모 프로젝트를 진행했고, 국제 건축 비엔날레 선정 ‘아시아의 주목받는 건축가 6인’에 선정되기도 했다. <br/> <br/>세레니티 그룹 김주영 회장은 “자연과 교감하며 고급스럽고 세련된 공간에서 편안한 휴식을 취할 수 있는 세레니티 골프 앤 리조트를 찾는 회원들에게 진정한 쉼과 활기를 경험하게 하고자 한다”며 “강원도 삼척 장호항에도 휴양형 리조트 ‘세레니티 코브 앳 삼척’ 개발 사업에 착수했으며, 에메랄드 빛 해안 일대를 둘러싼 갯바위와 절경을 감상하며 프라이빗한 휴식을 누릴 수 있는 호텔 서비스도 곧 선보일 계획이다”고 말했다. <br/> <br/>한경닷컴 뉴스룸 open@hankyung.com"
4,"<selenium.webdriver.remote.webelement.WebElement (session=""33b5c25ecc8a9ff67e8441a1148bd6a6"", element=""83C4E9055AEC2C156E94A27DCEB89E9C_element_51"")>","김해공항 순찰하는 경찰특공대 7일 오후 부산 김해국제공항에 부산경찰청 경찰특공대 장갑차가 대기하고 있다. 이날 오전 온라인에는 김해공항에서 살인을 저지르고 공항을 폭발시키겠다는 글이 올라와 경찰이 대응에 나섰다.
지난달 21일 신림동 흉기 난동 사건 이후 온라인에 ‘살인 예고’ 글을 썼다가 경찰에 붙잡힌 피의자 중 절반 이상이 10대 청소년인 것으로 나타났다. 관련 글 게시 행위가 범죄가 될 수 있다는 심각성을 인지하지 못하고, 글 작성을 통해 주목받는 것을 즐기는 이들이 줄어들지 않으면서 살인 예고 게시물이 늘어날 것이란 우려도 나온다.<br/>7일 경찰청 국가수사본부에 따르면 이날 오전 7시 기준으로 온라인에서 파악된 살인 예고 게시물은 187건이다. 게시물을 작성한 이들 중 59명이 검거됐는데, 절반 이상(57.6%)인 34명이 10대 청소년으로 집계됐다.<br/>전날 인천에서는 자신의 인스타그램에 “계양역에서 7시에 20명을 죽이겠다”는 글을 올린 10대가 붙잡히기도 했다. 김윤태 고려대 사회학과 교수는 “온라인 공간에 머무르는 시간이 압도적으로 많은데다 관련 글을 올리면서 자신이 다른 사람의 관심을 받거나 영향을 미쳤다고 생각할 가능성이 크다”며 “글 작성에 대한 심각성을 인지하지 못하고 마치 놀이처럼 번지는 게 아닐까 우려된다”고 말했다.<br/>게다가 검거된 10대 중에서는 형사처벌을 받지 않는 만 14세 미만 촉법소년도 포함된 것으로 알려졌다. 경찰청 관계자는 “처벌만이 능사가 아니다. 청소년이 모방범죄를 하지 않도록 하는 것이 중요하다”고 말했다.<br/>이와 관련해 경찰은 교육부 등 관계기관에 청소년 범죄예방 협조를 요청했고, 학교전담경찰관(SPO)에게는 관련 교육 강화를 지시했다. 서울경찰청은 이날 1407개 초·중·고 학생과 교사, 학부모 83만명에게 “살인 예고는 단순한 장난이 아니라 사회에 큰 혼란을 초래할 수 있으니 작성·유포 행위를 멈춰달라”는 내용이 담긴 긴급 스쿨벨 3호를 발령하기도 했다.<br/>10대들은 실행 의사가 없이 장난으로 살인 예고 게시물을 올린 경우가 많지만, 이미 신림동 흉기 난동과 경기 성남시 분당 서현역 칼부림을 겪은 터라 시민들의 불안감은 쉽게 해소되지 않고 있다. 호신용품 구입이 늘어나고, ‘보행시 이어폰을 끼지 않고 주변 상황을 살펴야 한다’ 등의 안전 수칙이 공유될 정도다.<br/>경찰청 관계자는 “대상자가 특정되고, 흉기구입 등 구체적인 실행 계획이 있다면 살인예비를 적용할 방침”이라면서 “그렇지 않은 경우에도 협박죄 적용을 검토하는 등 강력하게 대응하겠다”고 말했다."
5,"<selenium.webdriver.remote.webelement.WebElement (session=""33b5c25ecc8a9ff67e8441a1148bd6a6"", element=""83C4E9055AEC2C156E94A27DCEB89E9C_element_52"")>","(서울=뉴스1) = 제네시스 ‘GV70 전동화 모델’ (현대차그룹 제공) 2022.3.20/뉴스1
[머니투데이 이태성 기자] 패밀리카로 선호도가 높은 중형 SUV(스포츠유틸리티) 시장에서 '가성비' 전기차가 하나 둘 등장하고 있다. 그동안 중형 전기 SUV는 가격이 비싸 시장에서 외면받았는데, 가성비차의 등장으로 본격적인 경쟁이 시작될지 주목된다.<br/><br/>7일 자동차업계에 따르면 지난 1월~7월 국산 중형 SUV 판매량은 11만7943대로 지난해 같은 기간(9만4590대)보다 24.7% 증가했다. 중형 SUV는 코로나로 인해 국내 레저 수요가 늘면서 판매가 꾸준히 늘고 있는 차급이다. 2018년부터 지난해까지 5년 내내 내수시장에서 연간 판매 1위 차급이 중형 SUV였다. 승차감이 개선된 것도 판매 증가에 영향을 끼쳤다. <br/><br/>그러나 전기차로 한정하면 상황이 달라진다. 현재 판매되고 있는 국산 중형 전기 SUV는 제네시스의 GV70 전동화모델이 유일하다. 수입차로 넓혀도 테슬라의 모델Y(사륜구동 및 퍼포먼스), BMW iX3, 렉서스 RZ 정도만 판매됐었다. 업계 관계자는 ""중형 SUV는 차체의 공기저항과 무게가 세단에 비해 상대적으로 클 수밖에 없는데 배터리를 적재할 수 있는 공간은 비슷하다""며 ""아직까지 세단에 비해 중형 이상의 전기 SUV라인업이 부족한 이유""라고 설명했다. <br/><br/>고를 수 있는 차종은 적은데 가격은 비싸다. 그동안 판매됐던 중형 전기 SUV의 가격은 7000만~9000만원 사이였다. 일반 소비자가 쉽게 구매할 수 있는 가격이 아니다. 이러다보니 판매량은 저조하다. 카이즈유데이터연구소에 따르면 GV70 전동화모델은 지난 1월~6월 판매량이 1339대에 불과하다. 같은 기관 내연기관 GV70은 1만4775대가 팔렸다. 테슬라 모델 Y를 제외한 수입차 판매량은 이보다 더 적다. <br/> 하지만 최근 가성비 모델이 등장하며 분위기가 바뀌고 있다. 테슬라는 모델Y RWD(후륜구동) 모델을 국내에 출시하며 중형 전기 SUV의 가격을 대폭 낮췄다. 테슬라는 모델Y RWD의 국내 가격을 보조금 전액 지급 기준에 해당하는 5699만원으로 책정했다. 정부 보조금과 회사에서 제공하는 혜택 등을 받게 되면 4000만원 후반 또는 5000만원 초반에 구매 가능할 것으로 예상된다.<br/><br/>여기에 KG모빌리티의 토레스를 기반으로 한 전동화 모델 '토레스 EVX'도 오는 9월 출시를 앞두고 있다. 1회 충전으로 420㎞ 주행(자체 측정 기준)이 가능하다. 보조금을 받으면 3000만원대에 구매가 가능할 것으로 전망된다.<br/><br/>두 모델은 모두 상대적으로 저렴한 LFP(리튬인산철) 배터리를 탑재했다. 전기차 생산비용의 절반을 차지하는 배터리 비용을 낮춰 가격 경쟁력을 높인 것이다. LFP 배터리가 리튬이온 배터리에 비해 효율이 떨어진다고 하지만 저렴한 가격에 중형 전기 SUV를 살 수 있다는 소식에 많은 고객이 두 모델을 찾고 있다. 특히 RWD의 경우 시승하기도 쉽지 않은 상황인 것으로 알려졌다.<br/><br/>자동차 업계 관계자는 ""중형 전기 SUV를 찾는 사람은 앞으로도 많아질 수밖에 없다""며 ""상대적으로 비어있는 이 시장을 빠르게 선점하는 것이 중요하다""고 밝혔다."
6,"<selenium.webdriver.remote.webelement.WebElement (session=""33b5c25ecc8a9ff67e8441a1148bd6a6"", element=""83C4E9055AEC2C156E94A27DCEB89E9C_element_53"")>","가족을 저버렸던 남편이 우크라이나전에 참전한 아들의 사망 소식에 뒤늦게 나타나 보상금을 타가는 사례가 이어지자 러시아 여성들이 관련 법 개정을 요구하고 나섰다.<br/><br/>7일(현지시간) 러시아 매체 렌타루는 글로벌 온라인 청원 플랫폼 'change.org'에 '돈을 받기 위해 장례식장에서 아이를 추모하는 러시아 남성들'과 관련된 청원이 올라왔다고 보도했다. <br/><br/>청원은 레닌그라드주 고르분키 마을에 사는 아나스타시야 유디나가 올린 것으로, 그녀의 아들 케말 보스타노프는 21살이던 지난해 우크라이나 군사작전에서 임무를 수행하던 중 전사했다.<br/><br/>보스타노프의 출생증명서에 등록된 아버지는 아들이 생후 6개월일 때 가족을 떠났으며, 이후 한 번도 아들과 만난 적이 없었으나 아들이 숨지자 군 당국에 보상금 일부를 요구하는 서류를 제출했다. 유디나는 사망한 아들의 생물학적 아버지가 보상금을 수령할 자격이 없다는 취지의 소송을 제기해 1년가량 걸린 법적 다툼을 계속한 끝에 지난 5월 승소했다.<br/><br/>전사자 수가 늘면서 유디나와 비슷한 상황에 놓인 유족들이 제기한 소송이 이어지고 있다고 알려졌다.<br/><br/>청원 글을 게시한 유디나는 ""러시아에 군인 사망에 대한 보상이 있지만, 수백 명의 어머니가 법의 부당함에 직면하고 있다""며 ""어머니들은 아들 장례식이 끝나면 법원으로 가서 생물학적 아버지가 보상받을 자격이 없다는 것을 입증하기 위해 서류를 모아야 한다""고 전했다. 이어 ""나는 러시아 대통령에게 러시아군 사망에 대한 보상금 지급 관련 법을 개정해 줄 것을 호소한다""고 부탁했다.<br/><br/>블라디미르 푸틴 러시아 대통령이 서명한 우크라이나 특별 군사작전 관련 대통령령에 따르면, 자원병이 임무 수행 중 사망할 경우 유족들에게 310만 루블(약 4천300만 원)이 지급된다.<br/><br/>부상으로 장애가 발생해 장애등급 1급을 받을 경우 230만 루블(약 3천200만 원) 이상을, 장애등급 2급과 3급에는 각각 150만 루블(약 2천100만 원) 이상과 78만 3천 루블(약 1천100만 원)가량을 지급한다.<br/><br/>이밖에 임무 수행으로 중상을 입은 자원병은 31만 3천 루블(약 430만 원) 이상을, 경상자는 7만 8천 루블(약 110만 원)을 받을 수 있다.<br/><br/>YTN 정윤주 (younju@ytn.co.kr)<br/><br/>대한민국 24시간 뉴스 채널 [YTN LIVE] 보기 〉<br/>'한방'에 핫한 '이슈' 정리 [한방이슈] 보기 〉<br/>뉴스 속 생생한 현장 스케치 [뉴스케치] 보기 〉"
7,"<selenium.webdriver.remote.webelement.WebElement (session=""33b5c25ecc8a9ff67e8441a1148bd6a6"", element=""83C4E9055AEC2C156E94A27DCEB89E9C_element_54"")>","김은경 더불어민주당 혁신위원장의 가족사를 두고 하루 차이로 전혀 상반된 주장이 담긴 글이 올라오면서 '진실 공방'이 벌어지고 있다.<br/><br/>이번 논란은 김 위원장이 지난 3일 대한노인회를 찾아 '노인 비하' 발언을 사과하며 ""남편 사별 후 시부모를 18년간 모셨다""고 말하면서 시작됐다. 당시 김 위원장은 ""남편과 사별 후 18년간 시부모님을 모셨고 작년에 선산에 묻어 드렸다. 그래서 어르신에 대해 공경하지 않는 마음을 가지고 산 적은 없다""고 밝힌 바 있다.<br/><br/>이로부터 이틀 뒤인 5일 카카오의 블로그 서비스에는 '혁신위원장 김은경의 노인 폄하는 그녀에겐 일상이다'라는 제목의 글이 올라왔다. <br/><br/>자신을 김 위원장의 시누이라고 밝힌 A씨는 ""명절은커녕 자신의 남편 제사에도 한번 참석하지 않은 사람이 사별 후 18년간 시부모님을 모셨다는 그런 새빨간 거짓으로 우리 가족을 기만했다""며 ""남편이 살아 있을 때를 포함해 단 한차례도 시부모를 모시고 산 적이 없고, 공경심은커녕 18년 동안 김은경에게 온갖 악담과 협박을 받으셨다""고 덧붙였다.<br/><br/>해당 글이 공개되자 정치권도 들썩였다.<br/><br/>이철규 국민의힘 사무총장은 ""이런 부류에게 거대 야당의 혁신을 맡긴 사람도 같은 부류로 보인다. 유유상종이란 말이 있다""고 비판했으며, 강민국 수석대변인 역시 ""사실이라면 매우 충격적""이라고 평가했다. 박광온 원내대표 등 민주당 지도부는 '김 위원장의 개인사'라며 말을 아꼈다.<br/><br/> <br/> <br/>그런데 바로 다음날 이와 정반대 입장이 담긴 글이 올라왔다. 김 위원장의 아들이라고 밝힌 B씨는 한 온라인 커뮤니티에 글을 올려 ""저희 가슴 아픈 가족사가 이렇게 공개되고 가족들이 받은 상처에 참담할 뿐""이라며 ""이런 말도 안 되는 거짓 선동으로 가족을 공격하는 일은 제발 멈춰주시기 바란다""고 말했다.<br/><br/>그는 ""인터넷에 글을 올리신 막내 고모는 할아버지, 할머니의 장례식에도 참여하지 않으신 분""이라며 ""고모들은 부양 책임은 지지 않으셨다. 할아버지, 할머니가 돌아가신 이후 상속은 받아 가셨겠지만, 저희 가족은 모두 상속을 포기했다""고 밝혔다.<br/><br/>이어 ""장례식 비용도 모두 어머니와 제가 당연하게 부담했다""며 ""저희 어머니는 비극적인 사건으로 남편을 잃고, 할아버지와 할머니를 돌보고, 두 아이를 키우며 너무나 바쁘고 힘들게 살아오셨는데, 어머니와 저희들의 삶이 이렇게 부정당하니 너무나 참담하고 가슴이 아프다""고 전했다.<br/><br/>아울러 B씨는 어머니와 나눈 메신저 기록과 상속포기 결정문, 할아버지가 어머니에게 보낸 편지 등을 공개하며 ""거짓 주장과 명예훼손에 대하여 추후 필요한 법적 조치를 취할 예정""이라고 강조했다.<br/><br/>YTN 서미량 (tjalfid@ytn.co.kr)<br/><br/>대한민국 24시간 뉴스 채널 [YTN LIVE] 보기 〉<br/>'한방'에 핫한 '이슈' 정리 [한방이슈] 보기 〉<br/>뉴스 속 생생한 현장 스케치 [뉴스케치] 보기 〉"
8,"<selenium.webdriver.remote.webelement.WebElement (session=""33b5c25ecc8a9ff67e8441a1148bd6a6"", element=""83C4E9055AEC2C156E94A27DCEB89E9C_element_55"")>","■ 진행 : 엄지민 앵커<br/>■ 출연 : 김형준 / 배재대 석좌교수, 배종찬 / 인사이트 K 연구소장<br/><br/>* 아래 텍스트는 실제 방송 내용과 차이가 있을 수 있으니 보다 정확한 내용은 방송으로 확인하시기 바랍니다. 인용 시 [YTN 더뉴스] 명시해주시기 바랍니다.<br/><br/>[앵커] <br/>이번에는 여론조사를 통해<진짜 민심>을 읽어보겠습니다. 여론 짚어주는 두 분과 함께하겠습니다. 김형준 배재대 석좌교수,배종찬 인사이트케이 연구소장과 함께하겠습니다. 안녕하세요. 먼저 윤석열 대통령 국정수행 평가 결과부터 보겠습니다. 한국갤럽 그리고 리얼미터 두 가지 볼 텐데요. 먼저 갤럽부터 보겠습니다. 한국갤럽, 오늘 조사가 나왔는데 일단 긍정은 33, 그리고 부정 56%입니다. 큰 변화는 없는 것 같아요. 일단 두 분 어떻게 읽으셨습니까? 먼저 김형준 교수님부터. <br/><br/>[김형준] <br/>두 군데 조사기관을 가지고 얘기하지 않습니까? 그런데 제가 참 어려운 게 뭐냐 하면 두 여론조사 기관의 방향성이 굉장히 달라요. 그러니까 이 말은 여론의 민심이 이게 불안정하다는 걸 얘기하고 있거든요. 조금 전에 한국갤럽 금요일에 발표한 것을 보면 33에서 지난주 35까지 올라갔다가 도로 떨어졌잖아요, 33%로. 이런데 또 리얼미터는 2주 연속 상승한 것을 보여주고 있어요.<br/><br/>리얼미터도 보여주시면. 그러니까 이것을 어느 쪽을 장단을 맞춰야 되느냐를 가지고서 우리가 평가할 수밖에. 여기 37.5%인데 이전에 37.3. 그러니까 36.6, 37.3, 37.5로 2주 연속 리얼미터 조사에서는 대통령 국정운영 지지도의 긍정평가가 상승을 했어요.<br/><br/>그런데 이거 아주 심층적으로 분석해보면 또 달라요. 왜냐하면 지금 한국갤럽 조사에서는 보수의 기반이라고 할 수 있는 TK라든지 60대라든지 이런 쪽에서 대통령이 국정운영 지지도가 우리가 심층분석을 해봐야 되는데 상당히 많이 떨어졌어요. 그러니까 예를 들어서 TK 지역 같은 데는 9% 떨어졌고 또 60대에서는 8%포인트 떨어졌습니다.<br/><br/>그런데 리얼미터 조사에서는 또 반대예요. TK는 3.2%가 올라갔고 60대에서는 또 2.4%가 올라갔어요. 완전히 다르거든요. 그렇다면 어떻게 해석을 해야 되느냐는 문제를 가지고 고민할 수밖에 없는데 결국은 지금 굉장히 민심이 불안정하다. 이것은 조사 방식에 따라서 물론 다른 것도 있지만 워낙 매주마다 이슈가 발생됐을 때 그 이슈가 어떻게 반향되느냐에 따라서 달라질 것인데 이게 반응하는 속도가 달라질 수 있을 것 같아요.<br/><br/>순살 아파트라든지 또 지금 새만금에서 벌어지고 있는 잼버리 문제, 또 그리고 안전 문제가 굉장히 심각하잖아요. 그런 것들이 전반적인 추세로 보면 대통령 국정운영 지지도가 올라가기가 쉽지 않은 상태다라는 걸 말씀드립니다.<br/><br/>[앵커] <br/>일단 이슈 자체는 지지도가 올라가기는 쉽지 않은데 일단 두 기관조사가 차이를 보이는 건 민심이 혼란스러운 상황인 거다라고 볼 수 있는데. <br/><br/>[배종찬] <br/>김형준 교수님의 연장선상에서 그러면 왜 이런 결과가 나올까. 이게 이른바 소극적인 결집이죠. 대통령의 지지층들이 결집을 하지만 소극적인 결집이라는 것은 그것이 지표로 반영이 될 수도 있고, 리얼미터. 그렇지만 0.2%포인트밖에 안 된다는 거예요.<br/><br/>그러면 굉장히 소극적 결집이죠. 그리고 갤럽의 조사를 보면 오히려 2%포인트가 주춤했고 특히 대통령의 핵심 지지기반인 60대와 그리고 대구경북에서는 오히려 지지율이 내려갔다. 그런데 그 직전 조사는 또 상당히 큰 폭으로 올라갔었거든요. 그걸 따져본다면 어떻게 해석할 수 있을까? <br/><br/>뭔가 지금 대통령의 지지층들이 단단하지가 않다는 거예요. 그러니까 대구경북 또 60대는 콘크리트 정도가 되어야 되는데 윤석열 대통령의 지지층이 대육주거든요. 그러면 대구경북, 60대, 주부층은 단단해야 돼요. 근육처럼 단단해야 되는데 그렇지 않기 때문에 이게 온도 차가 직전 조사, 지금 조사, 나중 조사 달라진다는 거예요. <br/><br/>그러면 두 가지 이유입니다. 하나는 뭐냐 하면 대통령의 스타일. 그러니까 아파트 무량판 부실공사에 대해서는 단호한 대통령인데 또 한편으로는 잼버리에서는 왜 구멍이 날까. 또 60대나 대구경북에서 더 신경 쓸 수 있는 것은 경제거든요. 경제 관련해서 무역수지가 흑자가 2개월 연속으로 유지가 됐지만 그렇게 내용을 들여다보면 썩 좋지가 않아요. 그런 부분에 대해서 대통령이 뭔가 좀 스타일이 분명하게 더 나왔으면 좋겠다.<br/><br/>또 경제도 하반기에 대한 걱정이 많은데 이런 부분들이 좀 분명하게 구체적으로 나왔으면 좋겠다. 이런 것들이 안 나오게 되면 단단해야 될 지지율이 단단해지지 못하는 거죠. 그렇기 때문에 오락가락 올라갔다 내려왔다 이른바 기술적 반등으로 하락으로 나타나게 되는 소극적 결집 현상이 나타나는 거죠. <br/><br/>[앵커] <br/>소극적 결집의 영향이다라고 짚어주셨는데 궁금한 게 지금 긍정평가, 부정평가 이유를 보니까 둘 다 모두 외교가 1위더라고요. 그런데 지난주에 윤 대통령 휴가 들어가서 사실 외교적 일정은 별로 없었잖아요. 그런데 왜 외교를 꼽았을까요?<br/><br/>[김형준] <br/>실은 관성의 법칙이라는 게 분명히 존재합니다. 우리 물리학에서 관성의 법칙이라는 것은 자동차가 가다가 딱 밟으면 앞으로 계속 가려고 하는 것은 가려고 하고 멈췄다가 다시 가면 뒤로 가게 되는 걸 관성의 법칙이라고 얘기하는데요.<br/><br/>외교라는 것이 비록 지금은 외교적인 이벤트가 없다 하더라도 이전에 있었던 외교라는 것이 계속해서 영향을 미칠 수 있는 그런 가능성이 여전히 남아 있다고 보고요.<br/><br/>우리 배 소장이 굉장히 잘 설명을 해 드렸는데 실은 제가 한국갤럽 조사 보면 항상 관심 있게 보는 게 대통령 국정수행평가, 이건 리얼미터고요. 보면 매주 나오지 않습니까? 그런데 실제로 보면 지금 56:33이잖아요. 한국갤럽은 무엇을 발표하냐면 통계표를 보면 정치에 관심이 아주 많다, 어느 정도 있다. 갤럽에서 보면. 그런데 이번 주에 특이한 사항은 고관심층에서는 그동안 대통령 직무수행 긍정평가가 항상 40% 대를 유지했었어요.<br/><br/>지난주만 보더라도 고관심층에서는 대통령 직무수행 긍정평가가 무려 44%였거든요. 그런데 이번에는 이게 좀 무너졌어요. 37%까지 떨어졌습니다. 그러니까 정치적 고관심층에서 왜 대통령 국정운영 평가가 7%포인트 떨어졌을까. 이게 아마 굉장히 관심 있게 우리가 지켜봐야 될 부분이 아닌가라는 것을. 지금 배 소장님은 소극적 결집이라는 것을 떠나서 가장 큰 것은 안보에 관련된 것만이 아니라 안전에 관련된 부분 속에서도 굉장히 민감하게. 그러니까 60~70대의 고연령층에서는 안전과 관련된 문제에 오히려 더 민감하게 작동을 하고 있는 부분들이 있는 게 아닌가라고 생각을 하게 되고요.<br/><br/>그리고 더 나아가서 인사 문제라든지 아니면 잼버리 세계대회 같은 경우는 150여 개국 정도가 참가할 정도로 굉장히 큰 행사인데 그런 부분 속에서 정말 예상하지 못했던 이런 과오들이 나오다 보니까 흔들리는 부분들이 분명히 존재하고 있는 게 아닌가라는 생각이 들어서 이게 앞으로 다음 주에 조사 결과에서 과연 고관심층에서 어떤 변화가 오는지가 한 번 정도 우리가 관심 있게 지켜봐야 될 부분이 아닌가라는 생각을 하게 됩니다.<br/><br/>[앵커] <br/>다음 주를 지켜봐야 한다고 하셨는데 지금 새만금 잼버리 대회 같은 경우에도 일단 조기 철수가 결정됐고요. 또 흉기난동 사건도 계속해서 발생하고 있는 상황인데 다음 주에 그러면 어떤 결과 예측해볼 수 있을까요? <br/><br/>[배종찬] <br/>그런 것들이 부담이 될 텐데 거듭 말씀드리지만 그래서 윤석열 대통령이 다른 일종의 자극이 필요하다. 늪지 현상이 필요합니다. 그러니까 국민들이, 유권자들이 여론조사에 응할 때 뭔가 대통령과 관련돼서 긍정적인 것, 또는 대통령이 개선해 나가는 그런 정책을 주도해 나가는 모습에 대해서 기억이 떠올라야 되거든요. 그런 현상이 우리가 이른바 넛지, 어떤 것을 자극시켜줌으로써 더 긍정적인 평가가 유발되는 것. 그게 가능해야 되는데 그런 것들이 가능하냐가 중요한데, 물론 잼버리 철수가 새만금에서 철수하는 거지 자국으로 완전 돌아가는 건 아닙니다.<br/><br/>여기서 중요한 게 그러면 여러분들은 궁금할 겁니다. 왜 갤럽에서 대통령의 긍정평가, 부정평가를 하면 양쪽 다 외교일까. 그것은 진영 간 대결구도라서 그래요. 왜냐하면 딱히 무엇인가를 이유를 꼽기 힘들 때는 진영 간 대결 구도에서 외교는 뭐냐? 이 외교에는 부정적으로 평가하는 쪽에서는 어떤 내용이 들어가냐면 북중러가 들어가죠. 왜 중국과 러시아는, 왜 북한과는, 또 긍정적으로 평가하는 쪽은 북중러를 견제하면서 한미일을 강조하거든요.<br/><br/>그러면 한미동맹, 캠프 데이비드, 8월 18일 한미일 정상회의가 예정되어 있다. 그래서 윤석열 대통령이 중요한 것은 외교보다도 긍정평가를 더 받을 수 있게끔 넛지해 줄 수 있는 그런 경제와 관련된, 중도층이나 무당층이나 MZ세대나 수도권이나 더 들어올 수 있거든요. 이런 부분들에 대한 정책적인 제시를 계속 거듭해서 해 나갈 필요가 있다라는 것이죠. <br/><br/>[앵커] <br/>윤석열 대통령 국정지지율 짚어봤고요. 정당 지지도를 보겠습니다. 갤럽 조사였는데요. 일단 국민의힘이 32%, 그리고 민주당이 31%. 그리고 무당층 32%였습니다. 오차범위 내이기는 한데요. 지난 조사에 비해서 국민의힘과 민주당 격차가 줄어들었어요.<br/><br/>[김형준] <br/>그렇죠. 국민의힘의 지지도는 대통령의 지지도와 연관성을 가지고 움직이는 경우가 많은데 지금 3%포인트 추락했고요. 다만 갤럽 조사에 의하면 정당 지지도 측면에서 볼 때 민주당은 3주 만에 반등한 것으로 나와요. 지금 전주가 29%였잖아요. 그러니까 32%로 7월 2주 때 32, 7월 3주 때 30, 7월 4주 때 29까지 떨어졌다가 이번 8월 첫째 주에는 31%까지 올라갔기 때문에 국민의힘과는 다른 모습을 보이고 있는 건데 이것도 굉장히 이해하기 어려운 부분들이 있어요.<br/><br/>민주당 지금 악재가 있거든요. 돈봉투 의혹과 관련해서. 이거 아마 다음 주에 반영될 가능성이 있습니다. 그다음에 김은경 혁신위원장 폄훼 발언 같은 경우도 여전히 숨은 악재일 가능성이 있는데 저는 그게 다음 주에 더 강하게 작동될 가능성이 있다고 보고 있거든요. 다만 관심 있는 것은 역시 무당층이 여전히 30%를 넘고. 지금 보십시오. 무당층이 30, 30, 30으로 삼분화 돼 있잖아요.<br/><br/>[앵커] <br/>무당층이 30%가 넘는 건 어떤 의미입니까?<br/><br/>[김형준] <br/>그런데 실제로 보면 여도 싫고 야도 싫다는 거죠. 여야 정당 불신이 심하다는 건데 이후에 나올지 모르겠지만 저렇게 높은데 신당에 관련돼서는 그렇게 높지 않아요. 이런 이율배반적인 것들이 계속 나오기 때문에 아직까지 상당히 민심들이 정치와 관련돼서는 유동적이고 불안정하고 그러면 저건 어떻게 해석하냐면 뭔가 어쨌든 간에 변화가 오기를 바라는 그런 것들을 반영시키고 있는 게 아닌가 생각을 합니다. <br/><br/>[앵커] <br/>말씀하신 것 좀 볼게요. 총선 전에 신당 창당에 대해서 좋아보이지 않는다, 55%, 그리고 좋게 본다가 28%였습니다. 지금 무당층이 30%가 넘는 높은 상황인데 일단 신당 창당에 대해서는 절반 넘게 그렇게 좋게 보지 않는 것 같아요. 왜 이럴까요?<br/><br/>[배종찬] <br/>정치 전반에 대한 혐오가 있겠죠. 정당 지지율로 우리가 확인할 수 있는 세 가지가 있습니다. 첫 번째는 국민의힘 지지율은 대통령과 연동돼 있다. 그러니까 국민의힘 지지율은 보고 말고 할 것도 없이 대통령 지지율 따라간다, 이렇게 되는 거죠. <br/><br/>두 번째는 뭐냐 하면 더불어민주당 지지율은 뭐가 문제냐면 어떻게든 리스크를 덜어내는 것이, 어떻게든 리스크 위기 요인을, 그것이 김은경 혁신위원장이 됐든 돈봉투가 됐든 이재명 대표 자신이 됐든 이것을 다 털어내야 된다는 거예요. 코인이 됐든, 무소속 김남국 의원. 이걸 얼마나 빨리 잘 털어내느냐에 총선도 그렇고 민주당의 운명이 달려 있다. 그건 그대로 확인할 수 있어요. 왜냐하면 내년 총선 구도를 물어보면 야권이 유리하거든요. 정권에 대한 심판 성격이기 때문에 그 심판 정도 되는 응답 비율만큼 더불어민주당 지지율이 안 나와요. 그건 더불어민주당 내부의 문제 때문에 그걸 털어내야 됩니다. <br/><br/>세 번째로 우리가 정당 지지율 조사로 무당층이 이렇게 높네. 그러면 이번에는 이 무당층을 다 가져가는 신당이 성공하겠네, 이렇게 생각할 수 있잖아요. 그런데 너무 실망을 했어요. 그냥 실망한 것도 아니고 너무 실망을 해서 이 무당층은 제3세력이나 신당으로 가겠다는 무당층이 아니라 이제 정치는 정말 꼴도 보기 싫다는 무당층이거든요. 그래서 신당에 대해서 기대를 하느냐 물어보면 지지율이 낮게 나오는 겁니다.<br/><br/>그다음에 신당을 지금 꿈꾸는 사람들이 이 방송 들으면 배 소장 너무하네. 그래도 신당을 기대하는 사람들이 있을지도 모르잖아요. 그건 뭐냐, 정말 파격적이어야 돼요. 그러니까 국민의힘하고 더불어민주당하고 조금도 비슷하면 안 돼요. 눈이 동그래져서 이런 정당이에요? 이러면서 무당층뿐만 아니라 중도층이나 MZ세대를 고스란히, 여성까지 다 흡수할 수 있는 그런 정당 정도의 사람들과 그다음에 멤버 구성과 정책을 발표해야 돼요. 아니, 이런 정책을요? 꿈에도 생각 못 해본 정책이에요. 이럴 때 성공할 가능성이 지푸라기만큼 이렇게 보입니다.<br/><br/>[앵커] <br/>지금 저희가 신당 창당 긍정평가, 부정평가 이유를 보고 있는데요. 정말 파격적인 당이 나와야 된다라는 말씀하셨어요. 그런데 지금 부정평가 보면 두 번째, 새롭지 않다. 그리고 기존 정당, 기존 인물들 똑같다. 그 밥에 그 나물이다 이런 얘기잖아요. <br/><br/>[김형준] <br/>저는 두 가지로 보는데요. 하나는 신당 입장에서 보면 환경이 열악해요. 빅데이터 분석을 해볼까요. 한 달간 정치권에서 빅데이터 분석이 제일 많이 나온 게 뭘까요? 단어로 따진다면. 처음부터 그럴 거예요. 이동관, 김은경, 윤관석. 모든 정치 이슈를 거대 여당과 야당이 다 흡수를 해버리기 때문에 신당이 그 안에 들어가서 자기의 활동 영역을 높일 수 있는 공간이 전혀 생기고 있지 않다라는 거예요.<br/><br/>그런데 추석 이후에, 제가 단언컨대 추석 이후에 뭔가 새로움에 대한 변화가 나오기 시작하면 신당에 대한 평가는 바뀌어질 수 있다고 봐요. 워낙 거대 정당에 대한 혐오, 불신. 지금 보면 정당에 대한 것도 보면 호감이 간다. 둘 다 여야 30%밖에 안 돼요. 호감이 가지 않는다. 다 60%, 두 배 이상 높거든요. 비호감이 높습니다. <br/><br/>그러니까 그게 무슨 말이냐면 국민 10명 중에 6명이 거대 여당, 야당에 대해서 호감이 가지 않는다고 생각하는데 지금 보니까 지금 20대에서도 신당 창당에 대해서도 좋게 생각한다는 게 15, 30대 14%, 중도 15%, 무당층 18%라고 거의 신당과 관련돼서 반응하지 않는다라고 보이는 거죠. 그러면 보통 신당은 크게 세 가지 가지고 움직여요.<br/><br/>확실한 지역 기반이 있느냐. 아니면 정말 대권에 나갈 정도의 강력한 인물을 갖고 있느냐. 그리고 세 번째, 이 정치판을 흔들 만한 강력한 이슈를 제기할 수 있느냐. 이 세 가지가 핵심적인 사안인데 지금은 이 세 가지가 부상되기에는 너무나 힘든, 쉽게 표현해서 제3세계 신당을 위한 정치 환경이 더 열악하기 때문에 상당히 고전할 수밖에 없는데 이런 식으로 해서 여전히 30%, 30%, 30%라는 것이 만들어질 때 어떤 모멘텀이 만들어지면 이게 변화될 수 있는 가능성은 분명히 존재하고 있다라는 말씀을 드립니다. <br/><br/>[앵커] <br/>그래도 희망은 있다라고 보시는 거죠? <br/><br/>[김형준] <br/>어떻게 하느냐에 따라 달라지겠지만 잠재력은 어느 정도 다. 국민들도 희망하는 부분들도 있지 않을까 생각을 하게 됩니다. <br/><br/>[배종찬] <br/>호감도를 높여야죠. 지금 국민들은 신당 하면 떡볶이가 생각나지 신당 창당은 생각 안 할 거예요. <br/><br/>[앵커] <br/>알겠습니다. 두 분 휴가는 다녀오셨습니까? <br/><br/>[배종찬] <br/>우리 더뉴스 방송을 두고 어딜 가겠습니까? <br/><br/>[김형준] <br/>저는 갔다 왔습니다. 지난주에 갔다 왔는데요. 괌에 갔다 왔었어요. 괌을 갔다 왔는데 태풍 때문에 괌이 완전히 쑥대밭이 돼서 옛날에 괌의 모습은 찾기가 어려웠는데 한국보다 더 덥지는 않아요. 괌이 굉장히 더울 줄 알았는데 너무 덥습니다, 한국이. <br/><br/>[앵커] <br/>교수님, 휴가 다녀오셨는데 두 명의 당 대표도 휴가를 마치고 오늘 돌아왔습니다. 국민의힘 김기현 대표, 그리고 민주당 이재명 대표가 각자 휴가를 마치고 당무에 복귀했는데 여야 대표 목소리 먼저 듣고 이야기 이어가겠습니다. 양당 대표의 목소리 듣고 왔는데요. 잼버리 대회에 지금 더위, 폭염부터 해서 청결 문제 그리고 성추행 의혹까지 여러 가지 논란이 많은 상황입니다. 지금 서로 네 탓이라고 하고 있어요. 그런데 지금 이러고 있을 때는 아닌 것 같은데 어떻게 이 상황 보고 계세요?<br/><br/>[배종찬] <br/>그러니까요. 지금 왜 두 정당, 거대 정당에 대해서 혐오감이 높아졌을까요? 김형준 교수님 말씀하셨지만 무당층 또 중도층 비율이 높은데도 불구하고 신당에 대한 기대감이 없는 건 정치가 바뀔까? 바뀔 수 있을까? 이런 절망감이거든요. 그러면 지금 다른 것 떠나서 저는 시시비비 가리세요. 그런데 적어도 손님들이 떠나고 난 다음에. 이건 마치 식당에 손님이 와 있는데 식당 주인과 주방장이 음식도 아직 나오지 않았는데 싸우고 있는 거예요.<br/><br/>저는 서로 시시비비를 가려야 된다면 그건 끝나고 난 이후에 백서를 만들어서 따지시죠. 하지만 12일까지 어떻게든 문제를 해결해야 될 것 아닙니까. 들어와 있는 스카우트 전 세계 4만 5000명, 우리 국내까지 포함해서 무슨 죄입니까? 어쨌거나 태풍 때문에 상암에서 K팝 콘서트를 하든 어쨌든 최선을 다해서 우리가 한국 국민들이 정말 정성을 기울이더라. 특히 정치권에 있는 사람들, 한국 K정치의 위대함을 봤다. 지금 그게 없습니다.<br/><br/>저는 적어도 따질 것은 따지세요, 나중에. 지금은 일단 이 K팝과 K컬쳐를 위해서 보기 위해서 마음 설레면서 온 그 사람들이 실망하지 않도록 하는 게 최선입니다. 그렇지 않으면 중도나 무당층이나 MZ세대나 수도권이나 심지어는 새만금의 주민들까지 모두 다 마음이 떠나버릴 수 있기 때문에 빨리 저는 머리를 모아서, 맞대서 지혜를 내서 잘 그 4만 5000명을 감동시켜야 된다고 봅니다.<br/><br/>[앵커] <br/>대회 마치고 나면 이제 책임을 따지기는 해야 되잖아요.<br/><br/>[김형준] <br/>가장 좋은 방식은 국정조사를 통해서 여야 어디. 국정조사는 어떤 잘못을 가리는 게 아니라 우리가 앞으로 세계 대회를 많이 유치를 해야 되니까 무엇이 문제인 것인가를 가지고 얘기를 하는 거기 때문에 저는 여야 대표가 복귀한다고 그래서 이런 생각을 해 봤어요. 어느 정당 대표가 예상을 깨고 국민들에게 신선한 메시지를 전달할까. 그러니까 일주일 동안 쉬면서 그 메시지 공부를 하면서. 이런 거죠. <br/><br/>예를 들어 이재명 대표 같은 경우 이유여하를 막론하고 잼버리를 성공적으로 개최하기 위해서 야당도 돕겠어요. 만약에 이렇게 나왔다고 생각해 보세요. 여당도 마찬가지예요. 지금 세계적인 대회를 위해서 함께 노력하도록 하겠습니다, 이런 메시지가 나와야지 휴가를 갔다 와서 여야 대표도 변했고 그걸 계기로 해서 뭔가 정치 정상화를 위해서 해야 될 텐데 한마디로 한국 정치에 대한 부분을 얘기를 하면서 왜 그럴까에 대한 부분은 가장 큰 핵심적인 원인은 다 철학의 빈곤. 내가 왜 정치를 해야 되는지, 결국 정치는 민생을 위해서 무엇을 해야 되는지, 국민에게 어떤 꿈과 희망을 줘야 되는지 이 기본적인 것에 대한 생각은 없고 오로지 정쟁의 일상화, 책임 전가, 이런 정치를 하니까 그동안 K팝이라든지 우리가 얘기하는 K푸드 이런 등등 K 자가 붙으면 굉장히 좋거든요.<br/><br/>그런데 K정치는 아닌 것 같아요. 이제 K정치도 부정에서 긍정으로 바뀔 수 있는 모멘텀이 만들어져야 되지 않을까라는 생각을 개인적으로 해봤습니다. <br/><br/>[앵커] <br/>지금 민주당에서는 폭염 같은 문제는 이미 대비를 했어야 되는 문제인데 안 했다라고 지적은 했고 국민의힘에서는 잼버리를 지금 사법리스크 같은 걸 덥기 위해서 악용하고 있다라고 얘기하고 있는데 지금 민주당 사법리스크 있는 상황이잖아요. 돈봉투 받은 걸로 의심되는 현역 의원들 명단 실명이 공개가 됐습니다. 일단 두 분은 이 사안은 어떻게 보고 계신지 궁금해요.<br/><br/>[배종찬] <br/>그렇습니다. 이게 돈봉투인데 검찰 수사 내용이 알려진 것이죠. 그래서 19명이 돈봉투를 받은 것으로 그렇게 알려지고 있는데 이것은 왜 알려졌는지도 과연 적절한가 부분부터도 논의가 필요할 것으로 보입니다. 하지만 더 중요한 건 진위 여부입니다. 그러니까 받았을 것으로 의혹이 있다라는 것이지 받았다는 것이지 않습니까? <br/><br/>그렇다면 중요한 것은 첫 번째로는 이것을 정치적으로 다뤄서는 안 된다. 적어도 수사의 과정이고 한 사람이, 윤관석 의원이 구속이 됐다면 그만한 이유가 있기 때문에 구속이 됐겠죠. 이것도 저는 차근차근 제대로 수사를 하고 증거를 확보해서 진위 여부를 가려야 된다. 그것이 핵심인 것이고, 그리고 또 여기서 중요한 것은 민주당 쪽으로 좁혀보면 이건 굉장히 중요합니다. <br/><br/>저는 이걸 더 이상. 만약에 진위 여부를 밝혀서 나오는 그 구체적인 실체와 사실에 대해서는 민주당도 눈 감지 말아야 된다. 그 이야기를 지금 박광온 원내대표도 본인이 원내대표 취임 100일 기자회견에서 이야기를 하고 있어요. 그래야 국민들의 지지를 제대로 온전히 받을 수 있습니다. <br/><br/>그래서 저는 무슨 이야기냐. 자칫 잘못하면 민주당의 지지기반은 호사화지 않습니까? 호남, 40대, 화이트 컬러가 돈에는 흔들려요. 돈봉투, 코인, 이런 돈 문제에 대해서는 용납이 안 됩니다. 아무리 정치적으로는 지지할지라도. 그래서 이건 철저하게 사법적으로 다뤄져야 될 일이고 사법적으로 다뤄져서 제대로 밝혀지는 진실에 대해서는 민주당도 결코 눈감아서는 안 될 것으로 보입니다.<br/><br/>[앵커] <br/>제가 내부에 현역 의원들 문제도 있지만 이재명 대표 본인도 지금 백현동 의혹이나 쌍방울 대북송금 관련해서 검찰에서는 두 사건 동시에 영장 청구할 수도 있다, 이런 얘기 나오더라고요. <br/><br/>[김형준] <br/>아마 묶어서 할 가능성이 굉장히 높죠. 그런데 시점이 문제인 거죠. 예를 들어서 8월 말이나 9월 정기국회 때 하면 그건 당연히 국회에서 표결이 있어야 될 수밖에 없는데 그럴 때 과연 민주당이 어떻게 나올 것이냐. 지난번에도 보면 상당한 이탈표가 있었기 때문에. 그리고 더 나아가서 지난 6월달에 원내교섭단체 대표연설에서 불체포특권을 포기를 했기 때문에 이 부분을 과연 민주당이 어떻게 대처하느냐가 혁신으로 갈 수 있느냐, 아니면 그냥 방탄으로 갈 거냐를 가르는 중요한 계기점이 될 수 있는 부분들이 있기 때문에. 그러니까 저는 박광온 원내대표가 얘기한 부분을 민주당이 지켰으면 좋겠어요.<br/><br/>취임 100일 기자회견 하면서 온정주의는 없다는 말을 분명히 했잖아요. 그러니까 이런 부분에 대해서 만약에 19명이 300만 원씩을 받았다고 하는 것에 대해서 결백하다고 한다면 내가 밝혀지면 의원직을 사퇴하겠다 할 정도로 당당하게 나가고 거기에 대해서 아니라고 한다면 책임을 묻겠다고 한다든지 이렇게 나가야 되지 않겠는가. 그런 의미에서 봤을 때 굉장히 어려운 8월이 될 것이다.<br/><br/>그래서 지금 8월 위기설도 나오고 10월 퇴진설도 나오고 하는 것도 있는데 중요한 것은 혁신의 가장 본질은 이재명 대표 사법리스크, 더 나아가서 돈봉투 의혹과 관련된, 이런 문제가 해결되지 않고 혁신은 없다. 무슨 대의원제 폐지한다든지 불체포특권이라든지 이것 정도 가지고 국민들이 원하는 건 아니고 정말 대전환이 이루어질 수 있는 혁신으로 갈 수 있느냐 없느냐가 이번 8월에 결정되지 않을까라는 생각을 합니다.<br/><br/>[앵커] <br/>정면으로 대응해야 한다, 알겠습니다. 여론으로 민심 짚어봤습니다. 두 분과 함께했는데요. 배종찬 인사이트케이 연구소장, 김형준 배재대 석좌교수와 함께했습니다. 감사합니다."
9,"<selenium.webdriver.remote.webelement.WebElement (session=""33b5c25ecc8a9ff67e8441a1148bd6a6"", element=""83C4E9055AEC2C156E94A27DCEB89E9C_element_56"")>","[바르샤바(폴란드)=뉴시스] 전신 기자 = 윤석열 대통령이 13일(현지시간) 바르샤바 대통령궁에서 열린 한-폴란드 정상 공동언론발표를 마친 뒤 안제이 두다 폴란드 대통령과 악수하고 있다. 2023.07.13.
[머니투데이 이세연 기자] <br/>안제이 두다 폴란드 대통령이 2023 새만금 세계스카우트 잼버리대회를 계기로 방한해 국내 방산업체를 방문한다. <br/><br/>K-방산의 폴란드 무기 수출 2차 이행계약 협상에 탄력이 붙을 것으로 전망되는 가운데, 금융지원 등 넘어야 할 산이 있어 아직 계약이 성사되긴 이르다는 시각이 나온다. <br/><br/>6일 업계에 따르면 두다 대통령은 오는 10일 현대로템과 한화에어로스페이스의 경남 창원 사업장을 찾는다. 태풍으로 인해 잼버리 계획에 변동이 생기더라도 두다 대통령의 창원 사업장 방문 일정은 그대로 진행된다. 폴란드 대통령의 방한은 2018년 평창동계올림픽 이후 5년 만이다. <br/><br/>폴란드는 지난해 한국과 약 17조원에 달하는 방산 계약을 체결한 '큰손'이다. 폴란드는 지난해 FA-50 경공격기 48대, K2 전차 980대, K9 자주포 648문 등을 수입하는 기본계약을 국내 방산업체와 맺었다. 지난해 방산 수출액의 72%를 차지했을 정도다. 현재 1차 이행계약에 따라 납품이 이뤄지고 있다.<br/><br/> 윤석열 대통령이 폴란드를 공식 방문한 지 한 달도 되지 않아 이뤄지는 방한인 만큼, 양국의 2차 수출 이행 계약은 속도를 낼 전망이다. K-2전차 820대와 K-9 자주포 360문 등 2차 계약의 규모는 약 30조원에 달한다. 다만 이번 방한 기간 수출 낭보가 전해질 가능성은 작다. 협상의 핵심 쟁점인 금융 지원 문제가 해결되지 않고 있기 때문이다. <br/><br/>폴란드는 2차 계약 조건으로 20조원 이상의 추가 금융 지원을 요구하고 있는 것으로 전해졌다. 1차 계약에서 수출입은행과 무역보험공사의 대출·보증 규모는 12조원에 달한다. 폴란드가 2차 계약조건으로 내건 20조원은 정책금융기관의 한도를 넘어선다. 현행법상 수출입은행 법정 자본금 한도는 15조원이다. 현재 국회에는 법정 자본금 한도를 늘리는 개정 법률안이 발의된 상태다.<br/><br/>2차 이행계약을 여러 차례 나눠 맺을 가능성이나, 폴란드 측이 우리 정부의 연간 수출금융 지원 한도인 90억 달러인 점을 고려해 계약할 가능성도 열려있다. 지난달 수출입은행과 무역보험공사가 폴란드 유일의 국책금융기관 BGK과 업무협약을 맺고 방산협력에 박차를 가하기로 하는 등 부정적인 상황은 아니란 것이 업계 분위기다. <br/><br/>업계는 오는 9~10월 사이에 성과를 볼 수 있을 것이라 내다본다. 오는 10월 예정된 폴란드 총선 전에 결과물이 나올 수 있도록 속도를 내야 하기 때문이다. 방산업계 관계자는 ""방산 수출 성과를 내기 위해선 이를 뒷받침 할 수 있는 금융 등 제도적 지원이 절실하다""며 "" 두다 대통령 방한으로 긍정적인 해법을 찾아야 한다""고 했다."
10,"<selenium.webdriver.remote.webelement.WebElement (session=""33b5c25ecc8a9ff67e8441a1148bd6a6"", element=""83C4E9055AEC2C156E94A27DCEB89E9C_element_121"")>",[머니투데이 김성진 기자] <br/>KCC가 올 2분기 연결기준 잠정 영업이익 904억원을 거뒀다고 7일 공시했다. 전년 동기보다 45%가 줄었다. <br/><br/>매출은 1조5883억원으로 전년 동기보다 9.5% 줄었다. 당기순이익은 673억원으로 59.8% 줄었다.
11,"<selenium.webdriver.remote.webelement.WebElement (session=""33b5c25ecc8a9ff67e8441a1148bd6a6"", element=""83C4E9055AEC2C156E94A27DCEB89E9C_element_122"")>","취임 1주년 기자회견서, 내년 3월 도축장 폐쇄 ""농가, 모두 죽일 수 있는 결정"" 비판||선거제 개편으로 '지역구조 타파'해야…'권역별 비례제' 추진 요구||총선기획단 출범, ""시민 삶에 천착한 공약 개발하겠다""
강민구 민주당 대구시당위원장은 7일 중구 삼덕동 민주당 대구시당에서 취임 1주년 기자회견을 맞아 기자회견을 열었다. 이민호 기자
강민구 민주당 대구시당위원장은 7일 중구 삼덕동 민주당 대구시당에서 열린 취임 1주년 기자회견에서 홍준표 대구시장이 내년 3월 북구 농산물도매시장 내 도축장 폐쇄를 결정한 데 대해 ""홍 시장, 불통 행정의 상징""이라고 목소리를 높였다. <br/> <br/> 강 시당위원장은 ""경북에 대안 시설을 마련할 때까지 기다려달라는 요청에도 불구하고 도축장 폐쇄를 추진했다""며 ""대구·경북 축산농가를 모두 죽일 수 있는 결정으로, 반드시 큰 문제로 돌아올 것""이라며 이같이 밝혔다. <br/> <br/> 강 시당위원장은 ""홍 시장은 본인은 옳고 나머지는 다 틀렸다고 생각한다""며 ""'벼는 익을수록 고개를 숙인다'는데, 여당의 대선주자가 10개월 당원권 정지 징계를 받고도 발언권이 살아 있다며 자기주장만 펼친다""고 꼬집었다. 그러면서 ""(시당은) 꼬아서 비판하지 않고, '정설'로 할 말은 하겠다""고 덧붙였다. <br/> <br/> 민주당 대구시당은 내년 총선을 앞두고 일찌감치 총선 준비에 들어갈 예정이다. 강 시당위원장은 지명도가 높은 인물 등용하기보다는 지역 정치에 뜻을 두고 대구를 지킬 분을 등용해 일찍부터 활동할 예정이라고 했다. 또 영남 5개 시도당(대구·부산·울산·경북·경남)과 함께 선거구 개편에도 힘을 쏟을 방침이다. <br/> <br/> 현재 지역위원장이 공석인 대구 중·남구에는 허소 전 청와대 행정관, 북구을에는 신동환 영진전문대학교 컴퓨터정보계열 겸임조교수, 달서구병에는 치과의사인 신동환 씨를 내정했다. <br/> <br/> 아울러 대구시당과 영남 5개 시도당은 중앙당에 '지역구도 타파'를 위해 권역별 비례대표제와 석패율제의 도입 등 선거제 개편안 도입을 요구했다. 비례대표를 현행 47석에서 50석으로 늘이고 정당 득표율에 따라 의석을 배분하는 병립형 20석, 나머지 30석은 지역구 출마와 동시에 비례대표 명부에 이름을 올리는 석폐율제를 적용하는 방안이다. <br/> <br/> 강 시당위원장은 이런 선거제 개편안에 대해 7월 중 박광온 민주당 원내대표, 남인순 정치개혁특별위원장 등과 면담을 통해 뜻을 같이했다고 설명했다. 다만 당내 이견보다는 국민의힘 측에서 해당 안을 반대하는 게 걸림돌이라고 밝혔다. <br/> <br/> 대구시당은 9월까지 지역위원장과 지방의원이 함께 총선을 치를 방안을 모색하고 총의를 모으는 한편 총선기획단을 출범시킬 예정이다. 김성태 달서구을지역위원장을 중심으로 조직을 가다듬고 외부 전문가를 초빙해 공약을 만들 방침이다. <br/> <br/> 강 시당위원장은 ""민주당의 약속, 시민들의 고민을 종합해 토건 공약 위주인 선거 공약들 속에서 시민의 삶에 천착해 시민 행복에 기여할 수 있는 소확행 공약 개발을 고민하겠다. 지역 민심을 알아가면서 시민과 호흡하겠다""고 강조했다. <br/> <br/> 아울러 ""(대구에는) 민주당은 남의 자식이라고 생각하는 정서가 있다""며 ""아무리 좋은 공약을 내놓아도 정서적인 부분에 다가서야 한다. 혼탁한 정치 선동이 아니라 친근감 있는 문구의 현수막을 제작해 정서적으로 시민에게 다가서는 방법을 고안하겠다""고 덧붙였다. <br/> <br/> 최근 이재명 민주당 대표가 주도한 당 혁신위원회가 동력을 잃어가고, 대표 퇴진설이 나도는 등 당내 갈등을 체감하느냐는 질문에 ""이준석 전 대표나 유승민 전 의원의 발언을 보면 오히려 국민의힘이 자중지란에 빠진 듯하다""며 ""언론에서 당 위기설을 전파하는 데 중앙당에 가보면 그런 느낌이 없다. 총선에서 이기려면 대동단결해야 한다. 당에 변화가 있어서도 따를 것이고 묵묵히 나아가겠다""라고 말했다. <br/> <br/> 강 시당위원장은 지난 1년간 대표적인 성과로 김민기 국토교통위원장, 최인호 국토위 간사와 면담해 대구경북신공항 특별법 통과를 설득했던 것을 내세웠다. 또한 박 원내대표에게 달빛내륙철도 특별법 추진을 부탁해, 야당 의원 전원이 공동발의자로 이름을 올리게 된 것도 성과로 꼽았다. <br/> <br/> 그는 ""대구에서는 (민주당이) 소수당이지만 여의도에서는 다수당""이라며 ""완벽하게 문제를 해결할 수는 없어도, (국회에) 문제 제기와 논의의 장을 만들 수 있다. 억울하고 원통한 일이 있으면 언제라도 민주당을 방문해주시길 바란다""고 말했다."
12,"<selenium.webdriver.remote.webelement.WebElement (session=""33b5c25ecc8a9ff67e8441a1148bd6a6"", element=""83C4E9055AEC2C156E94A27DCEB89E9C_element_123"")>","‘그린메이트 21기’ 모집 포스터. 락앤락 제공
락앤락이 대학생 친환경 서포터즈 ‘그린메이트 21기’를 모집한다고 7일 밝혔다.<br/>지난 2013년에 창단된 ‘그린메이트’는 ‘제로 웨이스트’(Zero Waste)를 비롯한 다양한 자원순환 활동을 전개하며 국내 대표 대학생 친환경 서포터즈로 자리매김하고 있다.<br/>이번 그린메이트 21기는 친환경 활동에 관심이 많고 톡톡 튀는 아이디어를 가진 국내 거주 대학생이라면 누구나 지원할 수 있으며, 모집기간은 7일부터 오는 20일까지다.<br/>락앤락 그린메이트 21기로 선발되면 ‘우리의 용기로 세상을 이롭게’라는 주제로 락앤락 제품을 활용해 매주 다양한 친환경 미션을 전개하며 에코라이프를 실천하게 된다. 또한 그린메이트 플로깅 데이, ESG 특강, 그린메이트 수료식 등의 오프라인 행사에 참여한다. 굿바이 일회용 컵 챌린지, 친환경 프로그램 기획 등을 직접 해보며 자원순환 및 친환경 문화 확산에도 기여할 수 있다.<br/>지원 방법은 락앤락 공식 블로그에서 지원 링크 확인 후 네이버폼을 통해 지원서를 접수하면 되며 합격자는 오는 31일에 발표한다. 1차 서류심사와 2차 면접을 통해 최종 선발된 20명은 다음달부터 오는 11월까지 약 3개월간 그린메이트로 활동하게 된다. 우수 활동자에게는 수료식에서 푸짐한 상품과 상금도 주어진다.<br/>락앤락 관계자는 “락앤락과 함께 즐거운 에코라이프를 실천하며 자원순환 문화 확산에 기여할 좋은 기회”라면서 “환경과 자원에 관심 있는 대학생 여러분들의 많은 지원 바란다”고 전했다.<br/>한편, 락앤락은 그린메이트 외에도 오래된 밀폐용기를 수거해 공공 시설물 등으로 재탄생하는 자원순환 캠페인 ‘러브 포 플래닛’, 글로벌 임직원이 참여하는 ‘플로깅 데이’와 ‘일회용 컵 LOCK(락) 캠페인’ 등을 운영하며 자원순환 문화 확산에 앞장서고 있다. 서울시가 출범한 ‘제로서울실천단’ 일원으로 활동하며 기후 위기 대응에도 동참하고 있다."
13,"<selenium.webdriver.remote.webelement.WebElement (session=""33b5c25ecc8a9ff67e8441a1148bd6a6"", element=""83C4E9055AEC2C156E94A27DCEB89E9C_element_124"")>","7일 오전 11시쯤 경기도 성남시 분당구 서현역 고가차도 위에는 A씨의 가족이 쓴 것으로 추정되는 포스트잇이 있다. /사진=김지은 기자
[머니투데이 김지은 기자] <br/>""엄마… 너무 사랑해! 담번에는 엄마가 내 딸로 태어나서 만나자 꼭!""<br/> ""착한 당신 지켜주지 못해 너무 미안해요. 당신 사랑해요.""<br/><br/>뜨거운 햇볕이 내리쬐던 7일 오전 11시쯤. 경기도 성남시 서현역 고가차도 위에는 스무개가 넘는 국화 꽃다발이 놓여있었다. 꽃송이 사이 사이에 놓인 빵과 과자, 커피. 그리고 '언니랑 같이 했던 11년이 제 인생에서 제일 행복한 시간이었어요' '그동안 저희에게 베풀어주신 은혜 너무 감사합니다' 등 가족과 지인이 쓴 것으로 추정되는 메모지가 눈에 띄었다. <br/><br/>지난 6일 서현역 흉기 난동 사건 피해자 중 한 명인 60대 여성 A씨가 뇌사 상태로 중환자실에서 치료를 받다가 끝내 숨진 가운데 해당 소식을 접한 시민들이 사고 현장을 찾아 추모했다. 이들은 ""나도 당할 수 있는 사고였다"" ""말도 안되는 일이 벌어졌다""고 말했다. <br/><br/>A씨는 지난 3일 남편과 함께 외식을 하기 위해 길을 걷다가 변을 당했다. 피의자 최모씨는 모친 명의의 모닝 차량을 타고 서현역 AK플라자 분당 앞 인도로 돌진해 A씨를 포함한 5명을 들이받았다. 차에서 내린 최씨는 곧바로 백화점으로 들어가 1, 2층에 있던 손님 등에게 무차별적으로 흉기를 휘둘렀다. 피해자는 A씨를 포함해 총 14명에 이른다. 11명이 중상이다. <br/><br/> <br/>이날 사고 현장에는 오전 11시부터 약 한시간 동안 10여명의 시민들이 찾아왔다. 이들은 녹색 펜스 앞에 마련된 국화를 들고 묵념했다. 버스를 타고 지나가던 승객들도, 현장을 지나치던 시민들도 모두 발걸음을 멈추고 추모공간을 한참동안 들여다봤다. <br/><br/>인근 지역에서 꽃배달을 한다는 김모씨는 바가지에 물을 가득 받아와 매마른 국화꽃에 물을 주기도 했다. 시민들은 펜스 앞에 이곳저곳 음푹 페인 인도 바닥을 보면서 안타까움을 드러냈다. <br/><br/>올해 고등학교 2학년인 박민경양 역시 이날 오전 국화 꽃 한 송이를 사들고 이곳을 찾았다. 박양은 ""여기는 매일 지나다니는 곳""이라며 ""너무나 일상적인 공간에서 이런 끔찍한 사고가 났다는 게 안 믿긴다""고 말했다. 그는 ""(사고가 발생한 시간이) 학원 수업이 끝나기 30분 전이었다""며 ""나 역시 그 길을 지나쳤다면 당할 수 있는 사고였다. 이런 일이 더 이상은 없었으면 좋겠다. 무섭다""고 했다.<br/><br/>서울 노원구에 거주하는 최문호씨 역시 가던 길을 멈추고 추모 공간 앞에서 묵념했다. 무더운 날씨로 등에는 땀이 흥건했지만 최씨는 국화꽃과 포스트잇을 하나하나 들여다봤다. 최씨는 ""사고가 발생하기 불과 2시간 전에 아기들을 보러 여기를 지나갔다""며 ""나도 당할 수 있는 사고였다. 나는 운 좋게 그 시간대를 피했다""고 말했다. <br/><br/> <br/> 경찰은 지난 5일 최씨를 구속했다. A씨가 사망하면서 최씨 혐의는 살인미수에서 '살인·살인미수·살인예비 등'으로 변경됐다. 경찰은 최씨가 피해망상 등 정신 질환을 앓는 상태에서 범죄를 저지른 것으로 보고 있다. 최씨는 2020년 '조현성 인격장애'(분열성 성격장애) 진단을 받았으며 검거 직후에는 ""나를 살해하려는 스토킹 집단을 세상에 알리기 위해 범행을 했다""는 취지로 진술했다."
14,"<selenium.webdriver.remote.webelement.WebElement (session=""33b5c25ecc8a9ff67e8441a1148bd6a6"", element=""83C4E9055AEC2C156E94A27DCEB89E9C_element_125"")>","7일 이정복 한전 사장직무대행이 긴급 화상회의 주재 하는 모습. <한전>
한국전력은 7일 오후 전국 15개 지역본부와 함께 전력사용량 증가 및 태풍 북상에 대비한 준비 상황을 공유하는 긴급 화상회의를 갖고, 안정적 전력공급을 위한 비상대응 체계와 전력설비 관리사항을 집중 점검했다고 밝혔다.<br/><br/><br/><br/>현재 8월 2주의 전력 공급능력은 104GW, 전력수요는 92.9GW 수준으로 전망돼 예비력이 10GW 이상으로 수급상황은 안정적일 것으로 보지만, 습하고 무더운 날씨로 인한 전력수요 급증 및 흐린 날씨로 인한 태양광 발전량 감소 등 기상 변수가 상존해 긴장을 늦출 수 없는 상황이라는 게 한전의 설명이다.<br/><br/><br/><br/>한전은 본사 경영진과 유관처·실 및 전국 15개 지역본부장이 참석하는 화상회의를 통해 예비력 부족 상황에 대비한 단계별 조치사항을 점검하고, 태풍 피해 예방을 위한 설비관리 강화와 신속한 복구체계 확립 등 여름철 안정적 전력공급 방안을 집중 논의했다.<br/><br/><br/><br/>회의에서는 △본사 수요 담당부서 외 배전 및 송변전 전력설비 운영 △부서와 안전담당 부서가 함께하는 폭염과 태풍 대비 전력설비 점검 △직원과 협력회사 근로자들의 혹서기 온열질환 예방 △조치 등 현장 안전관리의 중요성 등이 강조됐다.<br/><br/><br/><br/>이정복 사장 직무대행은 ""계속되는 폭염과 태풍 등으로 여름철 기상 상황의 불확실성이 큰 만큼, 비상대응 준비에 철저를 기해 달라""며 ""사전 설비 점검와 신속한 고장복구 대응체계 유지, 특히 안전 사고가 발생하지 않도록 작업현장 관리에 만전을 기해 달라""고 당부했다.<br/><br/><br/><br/>한전은 전력수급에 지속적인 관심이 필요한 8월 한 달 동안, 경영진을 중심으로 전력설비 현장점검을 지속적으로 시행할 예정이다.<br/><br/><br/><br/>정석준기자 mp1256@dt.co.kr"
15,"<selenium.webdriver.remote.webelement.WebElement (session=""33b5c25ecc8a9ff67e8441a1148bd6a6"", element=""83C4E9055AEC2C156E94A27DCEB89E9C_element_126"")>","한국광해광업공단(KOMIR)이 7일 정부의 광산안전종합대책 후속 조치로 4대 고빈도 광산사고 예방 캠페인을 올 12월 말까지 추진키로 했다고 밝혔다.<br/><br/><br/><br/>KOMIR에 따르면 국내 광산의 유형별 재해를 분석한 결과 최근 5년간 낙반·붕락, 추락·전도·운반, 기계·전기, 화약·가스 등과 관련한 4대 고빈도 재해가 약 86%를 차지한다.<br/><br/><br/><br/>이번 캠페인은 중대 재해 없는 안전한 광산을 만들기 위한 정부 노력의 일환으로 △포스터, 현수막 등 광산안전 홍보물 제작·배포 △고빈도·중대재해 유형별 사례 및 예방대책 안전신문 기획연재 △중대재해 사례분석·광산별 안전관리 우수사례 발표 등 기술세미나 개최 △중대재해 예방을 위한 광산안전기술기준 개정 등이 주요 내용이다.<br/><br/><br/><br/>특히 30인 이하의 소규모 광산을 대상으로 광산재해 대응 구호 매뉴얼을 제작·배포하고 안전관리 정보제공을 위한 캠페인 홍보 영상과 중대 재해 사례 및 안전 수칙 영상 등을 추가 제작할 계획이다.<br/><br/><br/><br/>황규연 KOMIR 사장은""정부와 공단이 그동안 지속적으로 광산안전관리 정책과 다양한 재해예방 활동을 추진해 재해율이 감소했다""며 ""그러나 광산 대부분 지하 채광과 장기 개발에 따른 심부화 등으로 고빈도 재해 가능성이 상존하고 있어 이번 캠페인을 기획했다""고 말했다.<br/><br/><br/><br/>정석준기자 mp1256@dt.co.kr"
16,"<selenium.webdriver.remote.webelement.WebElement (session=""33b5c25ecc8a9ff67e8441a1148bd6a6"", element=""83C4E9055AEC2C156E94A27DCEB89E9C_element_127"")>","해당 학교와 병설유치원 하루 휴교 아버지가 경찰에 신고
울산경찰청 [울산=연합뉴스]
울산 모 초등학교에서 흉기 난동이 있을 것이란 협박성 예고 글을 올린 초등학생이 7일 붙잡혔다.<br/><br/><br/><br/>울산경찰청에 따르면 이날 낮 12시 14분 112종합상황실에 ""아들이 문제가 된 (흉기 난동 관련) 글을 올린 것 같다""는 A씨 신고가 들어왔다.<br/><br/><br/><br/>경찰은 A씨 집으로 출동해 A씨 아들인 10대 B군이 컴퓨터에 흉기 난동 예고 글을 올린 사실을 확인한 뒤, 보호자와 함께 조사 중이다.<br/><br/><br/><br/>B군은 전날 오후 한 온라인 게임 채팅방에 '내일 울산 00초등학교에서 칼부림 예정'이란 글을 올린 것으로 파악됐다.<br/><br/><br/><br/>해당 글을 본 사람이 경찰에 신고해 수사가 시작됐고, 해당 초등학교와 병설유치원은 7일 하루 휴교했다.<br/><br/><br/><br/>흉기 난동 글이 신고돼 경찰이 수사에 착수했다는 사실이 언론 등을 통해 퍼지자, B군이 당황해서 부모에게 털어놓은 것으로 경찰은 보고 있다.<br/><br/><br/><br/>경찰은 B군이 글을 올린 경위 등을 조사 중이다. 김성준기자 illust76@dt.co.kr"
17,"<selenium.webdriver.remote.webelement.WebElement (session=""33b5c25ecc8a9ff67e8441a1148bd6a6"", element=""83C4E9055AEC2C156E94A27DCEB89E9C_element_128"")>","식품의약품안전처 제공.
정부가 치매치료제 제품화를 위한 지원에 팔을 걷었다. R&D 단계에 있는 치매 치료 연구성과들을 제품화로 신속히 연계 지원해 국산 치매치료제를 내놓겠다는 전략이다.<br/><br/><br/><br/>식품의약품안전처는 7일 서울스퀘어에서 치매극복연구개발사업단과 공동으로 '치매치료제 국가 R&D 제품화 규제 지원간담회'를 갖고, 제품화 지원 방안을 논의했다. <br/><br/><br/><br/>식약처는 국산 신기술이 혁신제품이 돼 세계시장을 선도할 수 있도록 국내 규제를 글로벌 표준에 맞게 개선하고, R&D 코디, 맞춤형 상담(위드-유, With-U), 규제 전문가 밀착 상담, 글로벌 기준 우선 적용, 신속심사 등을 제공하는 '브리지(BRIDGE) 프로젝트'를 추진하고 있다. 또한 치매치료제 개발을 위한 연구 기획 단계부터 제품 분류, 개발 전략, 임상시험계획(IND) 승인 등에 대한 찾아가는 맞춤형 컨설팅을 제공하고 있다.<br/><br/><br/><br/>최근 미국 FDA(식품의약국)는 미국 바이오젠과 일본 에자이가 공동 개발한 알츠하이머 치매 신약 '레켐비'(성분명 레카네맙)를 정식 승인함에 따라 국내에서도 알츠하이머 치료제 개발에 대한 수요가 늘어날 것으로 예상된다. <br/><br/><br/><br/>실제 국내 기업들은 치매 치료제 개발에 박차를 가하고 있다. 아리바이오는 지난 6월 식약처에 경구용 치매치료제 'AR1001'의 임상 3상 시험계획서(IND)를 제출하고 현재 미국에서 임상 3상을 진행하고 있다. 젬백스앤카엘도 알츠하이머 치료제 'GV1001'에 대한 국내 임상 3상, 미국과 유럽 7개국에서 글로벌 임상 2상을 진행 중이다.<br/><br/><br/><br/>알츠하이머 등 치매 치료를 위한 국가 차원의 지원도 확대되고 있다. 과학기술정보통신부는 지난 6월 제4차 뇌 연구 촉진 기본계획을 확정해 2027년까지 뇌 산업 분야에서 기업가치 1조원 규모의 전문기업을 10개 창출하고, 자폐·치매 등 주요 뇌 질환에 사용되는 국산 치료제 2종 개발을 목표로 투자 역량을 모으고 있다.<br/><br/><br/><br/>식약처 관계자는 ""이번 간담회가 치매치료제 개발 시 시행착오를 줄이고 신속하게 제품을 개발하는 데 도움을 줄 것으로 기대한다""며 ""앞으로도 규제과학 전문성을 바탕으로 신기술 혁신제품이 신속하게 제품화될 수 있도록 최선을 다해 지원하겠다""고 말했다.강민성기자 kms@dt.co.kr"
18,"<selenium.webdriver.remote.webelement.WebElement (session=""33b5c25ecc8a9ff67e8441a1148bd6a6"", element=""83C4E9055AEC2C156E94A27DCEB89E9C_element_129"")>","요직에 훈센 측근들 다수…""실권 잡을 것""
노로돔 시하모니 캄보디아 국왕은 7일 훈센 총리의 장남인 훈 마넷을 차기 총리로 공식 지명했다. 사진은 훈센(사진 왼쪽)과 훈 마넷 [사진=로이터통신 연합뉴스]
노로돔 시하모니 캄보디아 국왕이 7일 훈센 총리의 장남인 훈 마넷을 차기 총리로 공식 지명했다. 사진은 훈센(사진 왼쪽)과 훈 마넷 [사진=로이터통신·연합뉴스] <br/>노로돔 시하모니 캄보디아 국왕이 38년간 캄보디아를 이끈 훈센 총리(71)의 장남 훈 마넷(45)을 차기 총리로 공식 지명했다. 사실상 일당 독재 정권에서 총리직 부자간 세습이 확실해졌다고 AFP통신 등 외신이 보도했다. <br/>  <br/>훈 마넷은 오는 22일로 예정된 국회 신임 투표를 거쳐 이달 말 중 취임하게 된다. 선거에서 야당이 배제되면서 총리직 세습에 대한 저항 세력은 없었다. 캄보디아 총리는 국왕이 국회 제1당의 추천을 받아 지명한다. <br/>  <br/>지난 7월 23일 총선에서 훈센 총리가 이끄는 여당 캄보디아인민당(CPP)은 125석 가운데 120석을 얻으며 압승을 거뒀다. 이번 총선에 처음 출마한 훈 마넷도 프놈펜 선거구에서 무난히 당선됐다. <br/>  <br/>CPP 당수인 훈센 총리는 38년간 권좌를 누렸다. 유력 야당과 정적 탄압을 거듭하면서 사실상 일당 독재를 확립했다. 장남 훈 마넷을 후계자로 지명한 것은 일당 독재 세습을 위한 것이다. 훈 마넷은 캄보디아군 부사령관이자 육군 대장으로 CPP 중앙위원회 상임위원을 맡고 있다. <br/>  <br/>훈센은 총리 퇴임 후에도 CPP 당수 자리를 계속해서 거머쥐며 강력한 영향력을 행사할 것으로 보인다. 새 내각의 요직에 훈센 총리의 측근들이 장악한 점에 비춰 훈센이 실권을 잡을 것으로 보인다고 외신들은 전했다.   <br/>  <br/> <br/>아주경제=윤주혜 기자 jujusun@ajunews.com"
19,"<selenium.webdriver.remote.webelement.WebElement (session=""33b5c25ecc8a9ff67e8441a1148bd6a6"", element=""83C4E9055AEC2C156E94A27DCEB89E9C_element_130"")>","돈봉투 의혹 명단 5명 추가 보도로 총 15명이재명, 돈봉투 의혹에 ""검찰, 증거로 말하라""추가 거명 의원 5명 ""명백한 허위사실"" 반발
더불어민주당 전당대회 돈 봉투 의혹 사건 핵심 피의자 무소속 윤관석 의원(왼쪽 사진)과 이성만 의원이 4일 오전 서울 서초구 서초동 서울중앙지방법원으로 구속 전 피의자심문(영장실질심사)에 출석하며 취재진의 질문공세를 받고 있다. 뉴스1
더불어민주당은 2021년 전당대회 돈 봉투 사건과 관련해 연루된 의원들의 명단이 계속 흘러나오는 것을 두고 검찰을 향해 “언론플레이를 그만하라”고 반발했다. 돈 봉투를 받은 것으로 지목된 의원들은 “사실관계도 파악하지 않은 정치적 테러행위”라고 일제히 부인했다.<br/>이재명 대표는 7일 돈 봉투 사건 연루자 명단 보도와 관련해 “검찰은 증거로 말하는 게 좋다”며 “엄정하고 신속하게 조사해 진실을 규명해 주길 바란다”고 밝혔다. 이 대표는 최고위원회의 직후 기자들과 만나 “(언론에 이름이 공개된) 당사자들이 사실 인정을 하지 않고 억울하다고 하기 때문에 지켜보는 중”이라고 말했다.<br/>강선우 대변인은 논평을 통해 “검찰에서 특정 언론을 통해 언론플레이 할 게 아니라 객관적인 증거와 진술을 가지고 수사를 해야 한다”고 지적했다. 윤관석 무소속 의원의 구속 이후 국회 외교통일위원회 소회의실에서 돈 봉투를 받은 것으로 지목된 의원 10명의 이름이 지난 5일 한 언론을 통해 보도된 데 이어, 이날은 다른 언론을 통해 의원회관 등에서 수수했다고 지목된 의원 5명의 이름이 공개됐다.<br/>추가 거명된 의원들은 입장문을 통해 ‘악의적인 보도’라고 주장했다. 이용빈 의원은 “’카더라’식 내용을 사실 확인도 없이 기사화한 정치적 테러행위”라며 “지난 민주당 전당대회 과정에서 어떠한 부정한 돈도 받은 적이 없다. 검찰이 판명되지도 않은 내용에 대해 최소한의 사실관계도 확인하지 않고 민주당 국회의원을 범죄자로 몰아가는 데 혈안이 돼있다”고 목소리를 높였다. 김승남 의원도 “검찰의 야당 파괴 공작이 도를 넘고 있다”고 반발했다. <br/>김회재 의원은 “보도내용이 사실이라면 책임지고 국회의원직을 사퇴하겠다. 허위 내용으로 악의적인 보도를 한 것에 분명한 책임을 묻겠다”고 배수진을 쳤다. 김윤덕 의원은 “돈봉투를 받은 적이 결단코 없고, 당시 전당대회에서 다른 후보를 지지했다”고 반박했다. 당시 민주당 소속이었던 김남국 무소속 의원도 “명백한 허위사실이며 아무 근거도 없는 의혹 보도”라고 일축했다."
20,"<selenium.webdriver.remote.webelement.WebElement (session=""33b5c25ecc8a9ff67e8441a1148bd6a6"", element=""83C4E9055AEC2C156E94A27DCEB89E9C_element_198"")>","구인구직업체 알바몬에 올라온 2023 새만금 세계스카우트 잼버리 관련 미화 업무 알바 모집 글. /출처=알바몬
2023 새만금 세계스카우트잼버리의 운영 미숙이 연일 도마 위에 오르는 가운데, 각종 구인구직 사이트에는 화장실 청소 등을 요구하는 '잼버리 알바 급구' 글이 대거 올라와 또 논란이다. 1000억원이 투입된 혈세에 추가 예산 낭비가 이뤄지고 있다는 지적이 나온 것이다. <br/> <br/>7일 알바천국·당근알바 등 각종 구인구직 사이트에 따르면 잼버리 현장 아르바이트 인력 모집 글이 잇따라 올라왔다. 해당 업무는 화장실·샤워실 청소 등 미화에서부터 식사 서빙, 텐트 철거 등까지 다양하다. <br/> <br/>특히 화장실과 샤워실 청소의 경우 일급이 20만원으로 다른 업무보다 높은 것으로 확인된다. 근무 형태는 오전 조(06:00~14:00)와 오후 조(13:00~21:00) 등 총 2개 조로 나뉜 경우도 있다. 업체 측에서는 5일 연속 근무 가능자를 우대하는 것으로 보인다. 서빙 아르바이트는 일급이 10만원~12만원 선이다. <br/> <br/>잼버리에 참가한 대원들 사이에서 불만이 나오면서 지난 주말 사이 잼버리 행사 현장에서는 화장실 청소 상태가 논란이 된 바 있다. 한덕수 국무총리는 지난 4일부터 사흘 연속으로 잼버리 대회장을 찾아 직접 현장을 챙긴 가운데, 조직위 관계자들에게 화장실 청소 등을 강력히 지시했다. 이후 조직위원회 측은 전북도 김제 부안 공무원들을 청소에 투입했으나 해당 지역 공무원들 사이에선 행사장 화장실 청소에 강제 동원됐다며 불만이 나오기도 했다. <br/> <br/>이와 관련해 누리꾼들은 잼버리 현장 화장실 청소 알바 인력 급구 글에 대해 부정적인 의견을 쏟아냈다. 이들은 ""이번 잼버리 대회에 투입된 예산이 1000억원이 넘는데 행사를 부실하게 진행하고선 이젠 화장실 청소에 돈을 써야 하냐"", ""예산 낭비만 할 일만 계속 생기는 것 같다"", ""세금으로 새만금 배우겠다고 관광 다녀온 사람들이 청소해라"" 등 비판이 나왔다. 공무원의 국외 출장을 기록하는 국외출장연수정보시스템에 따르면 지난 8년간 새만금 잼버리를 명목으로 관계 기관 공무원들이 약 100번의 걸쳐 해외 출장을 다녀온 것으로 나타났다. <br/> <br/>신현보 한경닷컴 기자 greaterfool@hankyung.com"
21,"<selenium.webdriver.remote.webelement.WebElement (session=""33b5c25ecc8a9ff67e8441a1148bd6a6"", element=""83C4E9055AEC2C156E94A27DCEB89E9C_element_199"")>","200만원 상당
K-water 청송권지사(지사장 이우석)는 7일 청송군 현서면 현서키즈지역아동센터를 방문해 취약 소외계층 어린이를 위한 학습교재(200만원 상당)를 전달했다."
22,"<selenium.webdriver.remote.webelement.WebElement (session=""33b5c25ecc8a9ff67e8441a1148bd6a6"", element=""83C4E9055AEC2C156E94A27DCEB89E9C_element_200"")>","[파이낸셜뉴스] <br/>롯데호텔 시애틀이 글로벌 여행 전문지 '트래블 앤 레저'가 주관하는 '월드 베스트 어워드 2023' 시애틀 호텔 부문에서 1위를 수상했다고 7일 밝혔다. <br/> <br/>트래블 앤 레저는 뉴욕에서 발행되는 미국의 최대 여행 전문지로 매년 16만 명의 독자를 대상으로 ‘월드 베스트 어워드’ 설문조사를 실시한다. 호텔 부문의 경우 객실·부대시설·위치·서비스·다이닝 등을 종합적으로 평가해 최고의 호텔과 리조트를 선정한다. <br/> <br/>이번 수상에서 롯데호텔 시애틀은 시애틀의 글로벌 유명 호텔을 제치고 1위를 차지했다. 객실에서 엘리엇 만을 조망할 수 있는 커다란 창문과 대형 거울, 다양한 예술품 등을 활용한 독창적인 인테리어와 호텔 곳곳에 목재를 적극 활용한 점이 호평을 받았다. 호텔 인근에는 파이오니어 스퀘어, 파이크 플레이스 마켓 등 대표 관광 명소가 모여 있어 접근성에서도 좋은 평가를 받았다. <br/> <br/>롯데호텔 시애틀의 총지배인 스티븐 칼진스키는 “이번 어워드는 개관한 지 3년 만에 이뤄낸 쾌거라 더욱 의미 있는 상”이라며 “앞으로도 차별화된 시설과 서비스로 시애틀을 대표하는 최고의 럭셔리 호텔로 자리매김하겠다”라고 전했다."
23,"<selenium.webdriver.remote.webelement.WebElement (session=""33b5c25ecc8a9ff67e8441a1148bd6a6"", element=""83C4E9055AEC2C156E94A27DCEB89E9C_element_201"")>","지영미 질병관리청장이 8월 2일 충북 청주시 질병관리본부 긴급상황실에서 열린 코로나19 중앙사고수습본부 회의에서 발언하고 있다. 사진 제공=질병청
정부가 6월 일상회복을 선언한 이후 가장 많은 코로나 확진자가 발생했다. 8월 2일에는 6만 4167명이 발생했고 8월 첫째 주는 일 평균으로도 5만 명대로 올라섰다. <br/> <br/><br/> 7일 질병관리청에 따르면 0시 기준으로 지난 1일부터 7일까지 일주일 간 총 35만 2678명이 확진됐다. 특히 2일에는 일상회복 후 가장 많은 6만 4167명이 확진됐다. 겨울철 재유행 때였던 1월 4일(7만 8541명) 이후 최다치다. <br/> <br/><br/> 일 평균 확진자도 5만 382명으로 5면 명을 넘어섰다. 6월 일상회복 후 5만 명대로 올라선 것은 이번이 처음이다. <br/> <br/><br/> 6주 연속 확진자가 늘어나고 있는 배경에는 면역력의 감소, 여름철 인구 이동량 증가 및 에어컨 가동 시간 증가 등이 영향을 미친 것으로 풀이된다."
24,"<selenium.webdriver.remote.webelement.WebElement (session=""33b5c25ecc8a9ff67e8441a1148bd6a6"", element=""83C4E9055AEC2C156E94A27DCEB89E9C_element_202"")>","한국소방안전원 대전이전 업무협약./사진제공=대전시
[머니투데이 대전=허재구 기자] 7일 시와 이전 관련 업무협약… 연간 3만여명 교육, 지역경제 활성화 기대<br/><br/> 연간 3만여명의 교육생이 찾는 한국소방안전원이 대전으로 이전을 추진한다.<br/><br/>대전시는 7일 한국소방안전원과 대전 이전을 위한 업무협약을 했다. 이전 장소와 규모는 미확정 상태지만 1만2000㎡부지에 연면적 2만㎡, 지상 12층·지하 3층 규모로 신청사를 건립해 100여명의 직원들이 근무한다는 계획이다. <br/><br/> 협약에 따라 한국소방안전원은 서울에 있는 본원을 대전으로 빠른 시일 이전하고, 시는 이전에 필요한 부지정보 제공과 신청사 건립 인·허가 등 행정적 지원을 하기로 했다. 또 이전 직원들이 안정적으로 대전에 정착할 수 있도록 적극 돕기로 했다.<br/><br/> 한국소방안전원은 '화재의 예방 및 안전관리에 관한 법률'에 따라 소방안전관리자 자격취득 및 실무교육을 위해 소방기본법에 근거해 설립된 소방전문기관이다. 화재예방과 안전관리 홍보, 국내·외 소방 기술개발 및 제도개선 등의 임무를 수행한다.<br/><br/> 현재 서울에 본원을 두고 전국 15개 지부를 운영 중이다.<br/><br/> 소방안전관리자 자격취득을 위해서는 급수별로 법령에서 정한 교육일수를 이수하고 자격취득 후 2년에 1번 실무교육을 받아야 한다.<br/> <br/>특히 지난달 법령 개정으로 소방관리자 자격취득을 위한 강습교육 일수가 '특급'인 경우 현행 10일에서 20일로, '1급'의 경우 5일에서 10일로, '2급'의 경우 4일에서 5일로 확대돼 교육수요가 대폭 증가할 것으로 예상된다.<br/><br/> 한국소방안전원은 늘어난 교육수요와 국가균형발전 정책에 부응하기 위해 대전에 본원과 교육관을 신축해 이전 하기로 했다. 본격 이전을 위해서는 정부승인 절차 등이 남아 있다. <br/><br/>소방안전원이 이전하면 소방안전관리자 자격취득을 위해 연간 3만여명이 대전에서 2~ 4주 동안 머물며 교육을 받게 된다. 이에 따라 숙박·식당 이용 등을 위한 100억원 규모의 소비지출에 따른 지역경제 활성화와 대전 홍보 효과 등이 기대된다.<br/><br/>이장우 대전시장은 ""대전은 전국 어디서나 접근이 용이하고 관광.과학.예술.국방.행정 등 풍부한 인프라가 갖춰져 있어 수도권을 능가할 수 있는 잠재력이 있는 유일한 도시""라며 ""소방안전원과 같은 교육기관의 입지로는 최적지가 될 것""이라고 말했다."
25,"<selenium.webdriver.remote.webelement.WebElement (session=""33b5c25ecc8a9ff67e8441a1148bd6a6"", element=""83C4E9055AEC2C156E94A27DCEB89E9C_element_203"")>",[헤럴드경제=증권부] 롯데에너지머티리얼즈는 2분기 연결기준 영업이익이 15억원으로 전년동기대비 94% 감소했다고 7일 공시했다. <br/> <br/> 같은 기간 매출액은 1982억원으로 5.2% 증가한 것으로 집계됐다. <br/> <br/> 당기순이익은 76억원의 손실이 발생해 적자전환했다. <br/> <br/> <br/> <br/><br/> <br/> jiyoon436@heraldcorp.com
26,"<selenium.webdriver.remote.webelement.WebElement (session=""33b5c25ecc8a9ff67e8441a1148bd6a6"", element=""83C4E9055AEC2C156E94A27DCEB89E9C_element_204"")>","흉기 난동이 일어난 대전 대덕구의 한 고교. 강은선 기자
‘몰래카메라부터 교사 피습까지…’ <br/> <br/> 안전해야 할 학교가 흉기 난동에 뚫리는 등 외부인이 학교에 무단 침입하는 사건이 끊이지 않으면서 근본적인 대책 마련이 요구된다. 학생 보호를 위해 운영 중인 배움터지킴이 제도의 실효성이 떨어진다는 지적도 나온다. <br/> <br/> 7일 대전경찰과 대전교육청 등에 따르면 대전 대덕구의 한 고등학교에 침입해 교사를 흉기로 찌른 20대 남성이 구속됐다. 이 남성(28)은 지난 4일 오전 10시4분쯤 대덕구 송촌동의 한 고교에서 수업을 마친 교사(49)를 교무실까지 뒤쫓아가 흉기로 얼굴과 가슴, 복부 등을 7차례 찌르고 달아난 혐의다. 그는 정문을 통해 학내까지 아무 제지 없이 들어간 것으로 확인됐다. <br/> <br/> 대전교육청의 ‘학교 출입증 및 출입에 관한 표준 가이드라인’을 보면 외부인이 학교에 출입하기 위해서는 인적사항과 출입 목적 등을 적고, 신분증을 제출해 출입증을 받는 절차를 거쳐야 한다. <br/> <br/> 해당 고교에는 배움터지킴이가 오전 2명, 오후 1명 등 3명이 근무하고 있다. 당시 오전 근무 2명 1명은 경비실에, 1명은 학내 순찰 중이었다. 경비실에 있던 배움터지킴이는 일반적인 등교가 끝난 시간인 오전 9시 20여분쯤 사복을 입은 일반인이 정문을 통과해 걸어서 교무실까지 직행했지만 아무런 제지를 하지 않았다. <br/> <br/> 대전교육청에 따르면 올해 대전 초·중·고교와 특수·각종학교 224교엔 442명의 배움터지킴이가 근무하고 있다. 초등학교 84개교엔 대전시 노인일자리사업인 새싹지킴이가 운영되고 있다. 배움터지킴이는 학교마다 평균 2명씩 근무한다. 근무 시간은 일일 6시간 정도로 학교마다 제각각이다. 사실상 학교 출입 통제 역할을 맡기기엔 역부족이라는 시각이 나온다. <br/> <br/> 학교 외부인 무단침입 사건은 지속 발생하고 있다. <br/> <br/> 지난 6월 8일 오전 10시쯤 전남 무안의 한 고등학교에선 20대 남성이 여자화장실에 들어가 여학생의 신체를 휴대폰으로 몰래 촬영하려다 경찰에 붙잡혔다. 이 남성은 다른 학교에서도 불법 촬영을 시도하는 등 비슷한 혐의로 수사와 재판을 받고 있는 것으로 알려졌다. 당시 학교에도 배움터지킴이가 있었지만 남성이 들어오는 것을 막지 못했다. <br/> <br/> 2021년 충남 아산에선 흉기에 찔린 남성이 수업 중이던 초등학교 교실에 들어가 학생들이 대피하는 일이 있었다. 2018년 서울 서초구의 한 초등학교에서는 20대 남성이 흉기를 들고 4학년 학생을 상대로 인질극을 벌여 충격을 줬다. 2013년에도 부산의 한 고등학교 교실에서 학생 납치 사건이 있었다. <br/> <br/> 교육계와 전문가들은 방문자 대기실과 학교전담경찰관 배치 등 안전·보안대책 강화 필요성을 강조했다. <br/> <br/> 김현희 전교조 대전지부장은 “학내 폐쇄회로(CC)TV 설치나 노인 일자리 창출의 일환으로 시행된 ‘배움터지킴이’만으로는 역부족”이라며 “교문 입구에서 배움터지킴이가 방문자를 점검하고 이름과 연락처를 받지만, 방문자가 허위 정보를 기록하고 학교 건물 안으로 들어가더라도 제지할 방안이 없는 실정”라고 꼬집었다. 김 지부장은 “교육활동 보호와 학교 구성원의 안전을 위해 ‘학교 전담 경찰관’ 배치를 요구해왔다”며 “교육청의 의지가 있다면 경찰이나 지자체와 공조해 충분히 안전·보안망을 구축할 수 있다“고 덧붙였다. <br/> <br/> 박미랑 한남대 교수(경찰학과)는 “학교에 아무나 들어올 수 없다는 인식으로 바뀌어야 하는 게 중요하다”며 “학교에 외부인이 들어올 때 이름을 적는 게 중요한 게 아니라 다른 공간으로 이동하지 못하게 특정 공간인 ‘방문자 대기실’이 따로 있어야 한다”고 말했다. 박 교수는 “학교는 학습 공간이지만 누군가에게는 직장이기 때문에 안전 뿐 아니라 보안의 문제에서도 출입 통제가 필요하다”며 “학교가 마치 지역사회 커뮤니티처럼 다같이 이용하는 공간으로 인식하는 것부터 달라져야 한다”고 설명했다. <br/> <br/> 대전교육청은 뒤늦게 학교 출입 통제 강화 등 대책을 내놨다. <br/> <br/> 대전교육청은 이날부터 2주간 학교 현장 안전 실태 점검에 돌입했다. 시교육청은 실태점검반을 꾸려 대전 지역 전체 학교를 대상으로 출입문 통제시스템 현황, 외부인 출입 관리 실태, 배움터지킴이 근무 시간 등을 확인한다. <br/> <br/> 배움터지킴이가 특별안전교육을 받을 수 있도록 정하고 학생 보호 인력 증원도 검토한다. 주말이나 일과 시간 후 학교 문을 열어주는 ‘개방형 학교’ 운영 여부도 논의한다. <br/> <br/> 대전교육청 관계자는 “민원인들이 머무는 대기 공간을 마련해 물리적 접촉을 차단하는 방법도 고려 중”이라고 말했다. <br/><br/> <br/>대전=강은선 기자 groove@segye.com"
27,"<selenium.webdriver.remote.webelement.WebElement (session=""33b5c25ecc8a9ff67e8441a1148bd6a6"", element=""83C4E9055AEC2C156E94A27DCEB89E9C_element_205"")>","［충북일보］ 윤건영(사진) 충북도교육감이 2024학년도 대학수학능력시험 100일을 앞둔 수험생들에게 응원의 메시지를 보냈다. <br/><br/> 윤 교육감은 7일 서한문을 통해 ""새로운 도전이자 노력의 결실을 맺을 수 있도록 최선을 다한 수험생들이 자랑스럽다""며 ""남은 시간 동안 최고의 성과를 낼 수 있도록 차분히 준비해 달라""고 당부했다. <br/><br/> 그는 △심신 조절 △구체적 계획 수립·실천 △굳은 마음가짐을 수험생이 지녀야 할 자세로 제안했다. <br/><br/> 윤 교육감은 ""몸과 마음은 항상 연결돼 있다""며 ""시험 보는 날에 맞춰 과목별 신체 리듬을 유지하고, 스트레칭 등을 통해 규칙적으로 컨디션을 유지해야 한다""고 강조했다. <br/><br/> 이어 ""결과에 대한 불안함과 조바심을 갖지 말고 남은 시간 계획을 세워 계획에 따라 생활하면 보람된 마음이 가득 차 자신감이 생길 것""이라고 덧붙였다. <br/><br/> 그러면서 ""꿈을 향해 열심히 노력한 자신을 신뢰하고 주변의 친구들을 동반자로서 서로 격려하며 긍정적인 에너지를 나누자""라며 ""한 명 한 명 빛나는 수험생의 목표와 꿈을 충북교육가족과 함께 응원하겠다""고 전했다. <br/><br/> 도교육청은 이 서한문을 도교육청과 시·군교육지원청, 각급 학교의 홈페이지에 게시했다. / 김금란기자"
28,"<selenium.webdriver.remote.webelement.WebElement (session=""33b5c25ecc8a9ff67e8441a1148bd6a6"", element=""83C4E9055AEC2C156E94A27DCEB89E9C_element_206"")>","추성호 인성코퍼레이션㈜ 대표이사(왼쪽)가 기부금을 전달하며 기념촬영을 하고 있다.
인천사회복지공동모금회 아너인 추성호 인성코퍼레이션㈜ 대표이사가 최근 인천공동모금회에 2천만 원 성금을 전달했다. <br/><br/>2020년 7월 인천 아너소사이어티 143호에 가입해 더 큰 나눔 활동을 하고 있는 추 아너는 폐기물처리전문 종합 환경기업 인성코퍼레이션㈜ 대표이사로 매년 사회 환원을 실현코자 인천공동모금회, 인천대학교 등에 지속적으로 기부를 실천하고 있다. 또 국제라이온스협회 354-F(인천)지구 3지역 위원장과 인천 중구 윌디장학회 이사로써도 활동하는 등 지역사회와 장애인들을 위한 봉사활동으로 꾸준히 나눔을 실천하고 있다. <br/><br/>추 아너는 ""올해도 나눔에 동참할 수 있어 뜻깊게 생각한다""며 ""매년 인천지역의 사회복지 시설단체들을 지원해 소외된 이들을 위해 나눔을 실천할 것이다""고 말했다. <br/><br/>박용훈 인천공동모금회 사무처장은 ""어려운 이웃들을 마음에 품고 나눔의 삶을 살고 계신 추성호 아너의 온정에 존경의 마음으로 감사드린다""며 ""주신 기부금은 소외된 이웃들에게 잘 전달하겠다""고 전했다. <br/><br/>이번 성금은 한국법무보호복지공단 인천지부에 법무보호대상자 및 그 가족들을 위한 사회복지 지원 사업 및 인천미추홀노인복지관 강당 LED 전광판 교체사업에 지원될 예정이다. <br/><br/>이범수기자"
29,"<selenium.webdriver.remote.webelement.WebElement (session=""33b5c25ecc8a9ff67e8441a1148bd6a6"", element=""83C4E9055AEC2C156E94A27DCEB89E9C_element_207"")>","7일 이우종 충북도 행정부지사가 기자들과 만나 잼버리 관련 준비상황을 설명하고 있다. 충북도 제공
충북도가 ‘2023 새만금 세계스카우트 잼버리’ 참가자 4600여명을 맞이할 준비를 마쳤다. <br/> <br/> 이우종 충북도 행정부지사는 7일 기자들과 만난 자리에서 “한국의 산업과 문화, 역사 등을 알릴 영외 관광프로그램으로 3개 코스를 준비했다”고 말했다. <br/> <br/> 1코스는 청주시와 증평군으로 역사·문화 및 레저 체험이다. <br/> <br/> 국립현대미술관과 청남대, 벨포레를 둘러보며 역사와 아름다운 풍경을 경험하는 기회를 제공한다. <br/> 2코스는 영동군과 보은군으로 국악과 역사를 체험한다. <br/> <br/> 국악과 역사를 체험하며 한국전통문화를 경험하는 기회를 마련한다. <br/> <br/> 3코스는 제천시와 단양군으로 도담삼봉과 아쿠아리움, 의림지, 청풍호 케이블카 등을 중심으로 구성했다. <br/> <br/> 애초 도는 지난 4일 1000여명의 참가자를 수용할 준비를 했다. <br/> <br/> 하지만 이날 태풍 진로로 4만여명의 참가자가 분산 배치될 가능성을 염두에 두고 숙소 등을 전면 재검토했다. <br/> <br/> 도는 대학 기숙사와 청소년 수련원 등 총 17개 실 4607명의 숙박공간을 확보했다. <br/> <br/> 안전을 위해 소방, 경찰, 의료 등 안전요원과 행정 인력인 전담 공무원 등이 현장에 상주한다. <br/> <br/> 특히 상황에 따라 대규모 이동이 이뤄질 수 있어 공무차량과 전세버스 임차 계획도 세웠다. <br/> <br/> 관광지와 숙박시설에 157명의 통역인력도 배치한다. <br/> <br/> 시군과 기업체 협조를 받아 마스크와 코로나19 검사키트, 생수 등도 지원한다. <br/> <br/> 충북도립교향악단과 청주시립무용단 등 문화예술단체와 음악, 무용, 샌드아트 등의 특별공연을 준비하고 충주목계솔밭캠핑장에 130역 캠핑 사이트도 확보했다. <br/> <br/> 도는 정부가 부담한다고 하는 1인당 7만 3000만원(숙박비 별도) 등의 소요예산도 도비지원 의지를 밝혔다. <br/> <br/> 이 부지사는 “우리나라의 국격을 높이고 미래세대인 세계 청소년에게 충북을 알릴 기회라고 생각한다”며 “내일(8일)쯤 참가자들이 올 것으로 예상하는 데 태풍의 진로 등을 검토해 안전을 우선으로 프로그램을 진행하겠다”고 말했다. <br/><br/> <br/>청주=윤교근 기자 segeyun@segye.com"
30,"<selenium.webdriver.remote.webelement.WebElement (session=""33b5c25ecc8a9ff67e8441a1148bd6a6"", element=""83C4E9055AEC2C156E94A27DCEB89E9C_element_273"")>","
						
							
							
								
									
										7일 이우종 충북도 행정부지사가 기자들과 만나 잼버리 관련 준비상황을 설명하고 있다. 충북도 제공						
									
								
							
												

					충북도가 ‘2023 새만금 세계스카우트 잼버리’ 참가자 4600여명을 맞이할 준비를 마쳤다. <br/> <br/> 이우종 충북도 행정부지사는 7일 기자들과 만난 자리에서 “한국의 산업과 문화, 역사 등을 알릴 영외 관광프로그램으로 3개 코스를 준비했다”고 말했다. <br/> <br/> 1코스는 청주시와 증평군으로 역사·문화 및 레저 체험이다. <br/> <br/> 국립현대미술관과 청남대, 벨포레를 둘러보며 역사와 아름다운 풍경을 경험하는 기회를 제공한다. <br/>  2코스는 영동군과 보은군으로 국악과 역사를 체험한다. <br/> <br/> 국악과 역사를 체험하며 한국전통문화를 경험하는 기회를 마련한다. <br/> <br/> 3코스는 제천시와 단양군으로 도담삼봉과 아쿠아리움, 의림지, 청풍호 케이블카 등을 중심으로 구성했다. <br/> <br/> 애초 도는 지난 4일 1000여명의 참가자를 수용할 준비를 했다. <br/> <br/> 하지만 이날 태풍 진로로 4만여명의 참가자가 분산 배치될 가능성을 염두에 두고 숙소 등을 전면 재검토했다. <br/> <br/> 도는 대학 기숙사와 청소년 수련원 등 총 17개 실 4607명의 숙박공간을 확보했다. <br/> <br/> 안전을 위해 소방, 경찰, 의료 등 안전요원과 행정 인력인 전담 공무원 등이 현장에 상주한다. <br/> <br/> 특히 상황에 따라 대규모 이동이 이뤄질 수 있어 공무차량과 전세버스 임차 계획도 세웠다. <br/> <br/> 관광지와 숙박시설에 157명의 통역인력도 배치한다. <br/> <br/> 시군과 기업체 협조를 받아 마스크와 코로나19 검사키트, 생수 등도 지원한다. <br/> <br/> 충북도립교향악단과 청주시립무용단 등 문화예술단체와 음악, 무용, 샌드아트 등의 특별공연을 준비하고 충주목계솔밭캠핑장에 130역 캠핑 사이트도 확보했다. <br/> <br/> 도는 정부가 부담한다고 하는 1인당 7만 3000만원(숙박비 별도) 등의 소요예산도 도비지원 의지를 밝혔다. <br/> <br/> 이 부지사는 “우리나라의 국격을 높이고 미래세대인 세계 청소년에게 충북을 알릴 기회라고 생각한다”며 “내일(8일)쯤 참가자들이 올 것으로 예상하는 데 태풍의 진로 등을 검토해 안전을 우선으로 프로그램을 진행하겠다”고 말했다. <br/><br/> <br/>청주=윤교근 기자 segeyun@segye.com					
				"
